/*
 Navicat Premium Data Transfer

 Source Server         : 121.42.11.118
 Source Server Type    : MySQL
 Source Server Version : 50554
 Source Host           : localhost:3308
 Source Schema         : windbell

 Target Server Type    : MySQL
 Target Server Version : 50554
 File Encoding         : 65001

 Date: 12/07/2019 10:48:37
*/

SET NAMES utf8mb4;
SET FOREIGN_KEY_CHECKS = 0;

-- ----------------------------
-- Table structure for p_app_info_config
-- ----------------------------
DROP TABLE IF EXISTS `p_app_info_config`;
CREATE TABLE `p_app_info_config`  (
  `ID` varchar(35) CHARACTER SET utf8mb4 COLLATE utf8mb4_general_ci NOT NULL,
  `TENANT_ID` varchar(30) CHARACTER SET utf8mb4 COLLATE utf8mb4_general_ci NULL DEFAULT NULL COMMENT '租户',
  `TYPE` varchar(2) CHARACTER SET utf8mb4 COLLATE utf8mb4_general_ci NULL DEFAULT NULL COMMENT '类型  10- 企业微信 11 公众号号 13 小程序  20 钉钉',
  `APP_CODE` varchar(10) CHARACTER SET utf8mb4 COLLATE utf8mb4_general_ci NULL DEFAULT NULL COMMENT '内部appID',
  `APP_ID` varchar(10) CHARACTER SET utf8mb4 COLLATE utf8mb4_general_ci NULL DEFAULT NULL COMMENT '外部PAPID',
  `SECRET` varchar(100) CHARACTER SET utf8mb4 COLLATE utf8mb4_general_ci NULL DEFAULT NULL COMMENT 'APP秘钥',
  `SUB_APP_ID` varchar(20) CHARACTER SET utf8mb4 COLLATE utf8mb4_general_ci NULL DEFAULT NULL COMMENT '子APPID',
  `SUB_APP_CODE` varchar(10) CHARACTER SET utf8mb4 COLLATE utf8mb4_general_ci NULL DEFAULT NULL COMMENT '内部子APPID',
  `SUB_APP_SECRET` varchar(100) CHARACTER SET utf8mb4 COLLATE utf8mb4_general_ci NULL DEFAULT NULL COMMENT '子秘钥',
  `CRT_USER_ID` varchar(64) CHARACTER SET utf8 COLLATE utf8_general_ci NULL DEFAULT NULL COMMENT '创建人',
  `CRT_TIME` datetime NULL DEFAULT NULL COMMENT '创建时间',
  `MDF_USER_ID` varchar(64) CHARACTER SET utf8 COLLATE utf8_general_ci NULL DEFAULT NULL COMMENT '修改人',
  `MDF_TIME` datetime NULL DEFAULT NULL COMMENT '修改时间',
  PRIMARY KEY (`ID`) USING BTREE
) ENGINE = InnoDB CHARACTER SET = utf8mb4 COLLATE = utf8mb4_general_ci COMMENT = '三方平台APP信息' ROW_FORMAT = Compact;

-- ----------------------------
-- Records of p_app_info_config
-- ----------------------------
INSERT INTO `p_app_info_config` VALUES ('1145179608069545986', 'TE00000001', '1', '1001', '1001', '-btdPbGr1V43NG61MAJWr9xw5LsSkMgyEWN1L5CA038', NULL, NULL, NULL, NULL, '2019-06-29 22:57:49', NULL, '2019-06-30 00:27:45');
INSERT INTO `p_app_info_config` VALUES ('1145182971947491330', 'TE00000001', '1', '1010', '3010040', 'Dhg3GCYbbvk4ZTbsTg5e4LmFvCeGxklNjQQr4f73bvo', NULL, NULL, NULL, NULL, '2019-06-29 23:11:11', NULL, NULL);
INSERT INTO `p_app_info_config` VALUES ('1145202306166407170', 'TE00000001', '1', '1000', '1000', 'ww8e7baa4f54593e80', NULL, NULL, NULL, NULL, '2019-06-30 00:28:01', NULL, '2019-06-30 00:30:03');

-- ----------------------------
-- Table structure for p_notice
-- ----------------------------
DROP TABLE IF EXISTS `p_notice`;
CREATE TABLE `p_notice`  (
  `ID` varchar(64) CHARACTER SET utf8mb4 COLLATE utf8mb4_general_ci NOT NULL COMMENT '主键',
  `TITLE` varchar(100) CHARACTER SET utf8 COLLATE utf8_general_ci NULL DEFAULT NULL COMMENT '标题',
  `TYPE` int(11) NULL DEFAULT NULL COMMENT '类型',
  `CONTENT` text CHARACTER SET utf8 COLLATE utf8_general_ci NULL COMMENT '内容',
  `START_TIME` datetime NULL DEFAULT NULL COMMENT '开始时间',
  `END_TIME` datetime NULL DEFAULT NULL COMMENT '结束时间',
  `SEND_TIME` datetime NULL DEFAULT NULL COMMENT '发送时间',
  `TENANT_ID` varchar(64) CHARACTER SET utf8mb4 COLLATE utf8mb4_general_ci NULL DEFAULT NULL COMMENT '租户',
  `ROLES_IDS` varchar(100) CHARACTER SET utf8 COLLATE utf8_general_ci NULL DEFAULT NULL COMMENT '角色列表',
  `USER_IDS` varchar(100) CHARACTER SET utf8 COLLATE utf8_general_ci NULL DEFAULT NULL COMMENT '用户列表',
  `DEPT_IDS` varchar(100) CHARACTER SET utf8 COLLATE utf8_general_ci NULL DEFAULT NULL COMMENT '部门列表',
  `ADDRESS` varchar(1000) CHARACTER SET utf8mb4 COLLATE utf8mb4_general_ci NULL DEFAULT NULL COMMENT '地址列表（泛化，邮件，电话）',
  `CHANNEL` varchar(30) CHARACTER SET utf8 COLLATE utf8_general_ci NULL DEFAULT NULL COMMENT '渠道(APP,小程序,公众号,微信,钉钉,网页,短信,邮件)',
  `CRT_USER_ID` varchar(64) CHARACTER SET utf8 COLLATE utf8_general_ci NULL DEFAULT NULL COMMENT '创建人',
  `CRT_TIME` datetime NULL DEFAULT NULL COMMENT '创建时间',
  `MDF_USER_ID` varchar(64) CHARACTER SET utf8 COLLATE utf8_general_ci NULL DEFAULT NULL COMMENT '修改人',
  `MDF_TIME` datetime NULL DEFAULT NULL COMMENT '修改时间',
  PRIMARY KEY (`ID`) USING BTREE
) ENGINE = InnoDB CHARACTER SET = utf8mb4 COLLATE = utf8mb4_general_ci COMMENT = '通知表' ROW_FORMAT = Compact;

-- ----------------------------
-- Table structure for p_notice_history
-- ----------------------------
DROP TABLE IF EXISTS `p_notice_history`;
CREATE TABLE `p_notice_history`  (
  `ID` varchar(64) CHARACTER SET utf8mb4 COLLATE utf8mb4_general_ci NOT NULL COMMENT '主键',
  `TITLE` varchar(100) CHARACTER SET utf8 COLLATE utf8_general_ci NULL DEFAULT NULL COMMENT '标题',
  `TYPE` int(11) NULL DEFAULT NULL COMMENT '类型',
  `CONTENT` text CHARACTER SET utf8 COLLATE utf8_general_ci NULL COMMENT '内容',
  `TENANT_ID` varchar(64) CHARACTER SET utf8mb4 COLLATE utf8mb4_general_ci NULL DEFAULT NULL COMMENT '租户',
  `ADDRESS` varchar(40) CHARACTER SET utf8 COLLATE utf8_general_ci NULL DEFAULT NULL COMMENT '发送地址(手机,邮箱)',
  `ROLES_IDS` varchar(100) CHARACTER SET utf8 COLLATE utf8_general_ci NULL DEFAULT NULL COMMENT '角色列表',
  `USER_IDS` varchar(100) CHARACTER SET utf8 COLLATE utf8_general_ci NULL DEFAULT NULL COMMENT '用户列表',
  `DEPT_IDS` varchar(100) CHARACTER SET utf8 COLLATE utf8_general_ci NULL DEFAULT NULL COMMENT '部门列表',
  `CHANNEL` varchar(30) CHARACTER SET utf8 COLLATE utf8_general_ci NULL DEFAULT NULL COMMENT '渠道(APP,小程序,公众号,微信,钉钉,网页,短信,邮件)',
  `CRT_USER_ID` varchar(64) CHARACTER SET utf8 COLLATE utf8_general_ci NULL DEFAULT NULL COMMENT '创建人',
  `CRT_TIME` datetime NULL DEFAULT NULL COMMENT '创建时间',
  PRIMARY KEY (`ID`) USING BTREE
) ENGINE = InnoDB CHARACTER SET = utf8mb4 COLLATE = utf8mb4_general_ci COMMENT = '通知表记录表' ROW_FORMAT = Compact;

-- ----------------------------
-- Table structure for t_base_area
-- ----------------------------
DROP TABLE IF EXISTS `t_base_area`;
CREATE TABLE `t_base_area`  (
  `ID` int(6) NOT NULL,
  `NAME` varchar(20) CHARACTER SET utf8 COLLATE utf8_general_ci NULL DEFAULT NULL,
  `PARENTID` int(6) NULL DEFAULT NULL,
  `SHORTNAME` varchar(20) CHARACTER SET utf8 COLLATE utf8_general_ci NULL DEFAULT NULL,
  `LEVELTYPE` int(11) NULL DEFAULT NULL,
  `CITYCODE` varchar(6) CHARACTER SET utf8 COLLATE utf8_general_ci NULL DEFAULT NULL,
  `ZIPCODE` varchar(6) CHARACTER SET utf8 COLLATE utf8_general_ci NULL DEFAULT NULL,
  `MERGERNAME` varchar(60) CHARACTER SET utf8 COLLATE utf8_general_ci NULL DEFAULT NULL,
  `LNG` float NULL DEFAULT NULL,
  `LAT` float NULL DEFAULT NULL,
  `PINYIN` varchar(30) CHARACTER SET utf8 COLLATE utf8_general_ci NULL DEFAULT NULL,
  PRIMARY KEY (`ID`) USING BTREE
) ENGINE = InnoDB CHARACTER SET = utf8 COLLATE = utf8_general_ci COMMENT = '地区表' ROW_FORMAT = Compact;

-- ----------------------------
-- Table structure for t_base_industry
-- ----------------------------
DROP TABLE IF EXISTS `t_base_industry`;
CREATE TABLE `t_base_industry`  (
  `ID` int(4) NOT NULL,
  `NAME` varchar(50) CHARACTER SET utf8 COLLATE utf8_general_ci NOT NULL COMMENT '所属行业名称',
  `PARENT_ID` int(4) NOT NULL,
  PRIMARY KEY (`ID`) USING BTREE
) ENGINE = InnoDB CHARACTER SET = utf8 COLLATE = utf8_general_ci COMMENT = '行业信息表' ROW_FORMAT = Compact;

-- ----------------------------
-- Table structure for t_base_sequence
-- ----------------------------
DROP TABLE IF EXISTS `t_base_sequence`;
CREATE TABLE `t_base_sequence`  (
  `name` varchar(50) CHARACTER SET utf8mb4 COLLATE utf8mb4_general_ci NOT NULL COMMENT '序列名称',
  `desc` varchar(30) CHARACTER SET utf8mb4 COLLATE utf8mb4_general_ci NULL DEFAULT NULL COMMENT '描述',
  `current_value` int(11) NOT NULL COMMENT '当前值',
  `increment` int(11) NOT NULL DEFAULT 1 COMMENT '步长',
  `create_time` datetime NULL DEFAULT NULL COMMENT '创建时间',
  `update_time` datetime NULL DEFAULT NULL COMMENT '修改时间',
  PRIMARY KEY (`name`) USING BTREE
) ENGINE = InnoDB CHARACTER SET = utf8mb4 COLLATE = utf8mb4_general_ci COMMENT = '序列管理' ROW_FORMAT = Compact;

-- ----------------------------
-- Records of t_base_sequence
-- ----------------------------
INSERT INTO `t_base_sequence` VALUES ('001', '001', 2, 1, '2019-05-12 13:15:48', '2019-05-12 13:15:57');
INSERT INTO `t_base_sequence` VALUES ('DEPT_CODE', 'DEPT_CODE', 7, 1, '2019-05-12 13:19:50', '2019-06-27 16:17:01');
INSERT INTO `t_base_sequence` VALUES ('DEPT_CODE_000003', 'DEPT_CODE_000003', 2, 1, '2019-05-12 16:30:30', '2019-06-05 21:24:41');
INSERT INTO `t_base_sequence` VALUES ('TENANT_NO', 'TENANT_NO', 4, 1, '2019-05-12 14:02:34', '2019-06-27 16:17:01');

-- ----------------------------
-- Table structure for t_system_dept
-- ----------------------------
DROP TABLE IF EXISTS `t_system_dept`;
CREATE TABLE `t_system_dept`  (
  `ID` varchar(64) CHARACTER SET utf8mb4 COLLATE utf8mb4_general_ci NOT NULL COMMENT '主键ID',
  `NUM` int(11) NULL DEFAULT NULL COMMENT '排序',
  `P_ID` varchar(64) CHARACTER SET utf8mb4 COLLATE utf8mb4_general_ci NULL DEFAULT NULL COMMENT '父部门ID',
  `SIMPLE_NAME` varchar(45) CHARACTER SET utf8 COLLATE utf8_general_ci NULL DEFAULT NULL COMMENT '简称',
  `FULL_NAME` varchar(100) CHARACTER SET utf8 COLLATE utf8_general_ci NULL DEFAULT NULL COMMENT '全称',
  `DEPT_CODE` varchar(128) CHARACTER SET utf8mb4 COLLATE utf8mb4_general_ci NULL DEFAULT NULL COMMENT '部门编码',
  `TIPS` varchar(100) CHARACTER SET utf8 COLLATE utf8_general_ci NULL DEFAULT NULL COMMENT '提示',
  `VERSION` int(11) NULL DEFAULT NULL COMMENT '版本（乐观锁保留字段）',
  `TENANT_ID` varchar(64) CHARACTER SET utf8mb4 COLLATE utf8mb4_general_ci NULL DEFAULT NULL COMMENT '租户',
  `WXID` varchar(50) CHARACTER SET utf8 COLLATE utf8_general_ci NULL DEFAULT NULL COMMENT '微信ID',
  `DDID` varchar(50) CHARACTER SET utf8 COLLATE utf8_general_ci NULL DEFAULT NULL COMMENT '钉钉ID',
  `CRT_USER_ID` varchar(64) CHARACTER SET utf8 COLLATE utf8_general_ci NULL DEFAULT NULL COMMENT '创建人',
  `CRT_TIME` datetime NULL DEFAULT NULL COMMENT '创建时间',
  `MDF_USER_ID` varchar(64) CHARACTER SET utf8 COLLATE utf8_general_ci NULL DEFAULT NULL COMMENT '修改人',
  `MDF_TIME` datetime NULL DEFAULT NULL COMMENT '修改时间',
  PRIMARY KEY (`ID`) USING BTREE,
  INDEX `P_ID`(`P_ID`) USING BTREE COMMENT '父部门'
) ENGINE = InnoDB CHARACTER SET = utf8mb4 COLLATE = utf8mb4_general_ci COMMENT = '部门表' ROW_FORMAT = Compact;

-- ----------------------------
-- Records of t_system_dept
-- ----------------------------
INSERT INTO `t_system_dept` VALUES ('1127453973414965250', 1, NULL, '众一科技', '众一科技', '000003', NULL, NULL, 'TE00000001', NULL, NULL, NULL, '2019-05-12 14:02:28', NULL, NULL);
INSERT INTO `t_system_dept` VALUES ('1127486025342513154', 1, NULL, '大鱼车贷', '大鱼车贷', '000004', NULL, NULL, 'TE00000002', NULL, NULL, NULL, '2019-05-12 16:09:50', NULL, '2019-07-02 02:13:43');
INSERT INTO `t_system_dept` VALUES ('1127491203810586626', NULL, '1127453973414965250', '研发', '研发部', '0001', NULL, NULL, 'TE00000001', NULL, NULL, NULL, '2019-05-12 16:30:25', NULL, NULL);
INSERT INTO `t_system_dept` VALUES ('1136262566339788801', NULL, '1127453973414965250', '运营', '运营部门', '0002', NULL, NULL, 'TE00000001', NULL, NULL, NULL, '2019-06-05 21:24:41', NULL, NULL);
INSERT INTO `t_system_dept` VALUES ('1140525835860582401', 1, NULL, '大正', '大正', '000005', NULL, NULL, 'TE00000003', NULL, NULL, NULL, '2019-06-17 15:45:23', NULL, NULL);
INSERT INTO `t_system_dept` VALUES ('1144157666969460738', 1, NULL, '风铃钉钉', '风铃钉钉', '000007', NULL, NULL, 'TE00000004', NULL, NULL, NULL, '2019-06-27 03:16:59', NULL, NULL);

-- ----------------------------
-- Table structure for t_system_dict
-- ----------------------------
DROP TABLE IF EXISTS `t_system_dict`;
CREATE TABLE `t_system_dict`  (
  `ID` varchar(64) CHARACTER SET utf8mb4 COLLATE utf8mb4_general_ci NOT NULL COMMENT '主键ID',
  `DICT_KEY` varchar(20) CHARACTER SET utf8 COLLATE utf8_general_ci NULL DEFAULT NULL COMMENT 'KEY',
  `P_ID` varchar(64) CHARACTER SET utf8mb4 COLLATE utf8mb4_general_ci NULL DEFAULT NULL COMMENT '父级字典',
  `PKEY` varchar(20) CHARACTER SET utf8 COLLATE utf8_general_ci NULL DEFAULT NULL COMMENT '父KEY',
  `NAME` varchar(50) CHARACTER SET utf8 COLLATE utf8_general_ci NULL DEFAULT NULL COMMENT '名称',
  `TIPS` varchar(50) CHARACTER SET utf8 COLLATE utf8_general_ci NULL DEFAULT NULL COMMENT '提示',
  `CRT_USER_ID` varchar(64) CHARACTER SET utf8 COLLATE utf8_general_ci NULL DEFAULT NULL COMMENT '创建人',
  `CRT_TIME` datetime NULL DEFAULT NULL COMMENT '创建时间',
  `MDF_USER_ID` varchar(64) CHARACTER SET utf8 COLLATE utf8_general_ci NULL DEFAULT NULL COMMENT '修改人',
  `MDF_TIME` datetime NULL DEFAULT NULL COMMENT '修改时间',
  PRIMARY KEY (`ID`) USING BTREE
) ENGINE = InnoDB CHARACTER SET = utf8mb4 COLLATE = utf8mb4_general_ci COMMENT = '字典表' ROW_FORMAT = Compact;

-- ----------------------------
-- Records of t_system_dict
-- ----------------------------
INSERT INTO `t_system_dict` VALUES ('1038705800676401153', 'sex', NULL, NULL, '性别', NULL, NULL, '2018-09-09 16:28:55', NULL, '2018-09-11 21:10:07');
INSERT INTO `t_system_dict` VALUES ('1038705800693178369', '1', '1038705800676401153', 'sex', '男', NULL, NULL, '2018-09-11 21:10:07', NULL, NULL);
INSERT INTO `t_system_dict` VALUES ('1038705800701566978', '2', '1038705800676401153', 'sex', '女', NULL, NULL, '2018-09-11 21:10:07', NULL, NULL);
INSERT INTO `t_system_dict` VALUES ('1039488048204693505', 'tenant_type', NULL, NULL, '客户类型', NULL, NULL, '2018-09-11 20:17:17', NULL, '2018-09-11 20:46:47');
INSERT INTO `t_system_dict` VALUES ('1039488048242442242', '0', '1039488048204693505', 'tenant_type', '平台', NULL, NULL, '2018-09-11 20:46:47', NULL, NULL);
INSERT INTO `t_system_dict` VALUES ('1039488048242442243', '1', '1039488048204693505', 'tenant_type', '个人', NULL, NULL, '2018-09-11 20:46:47', NULL, NULL);
INSERT INTO `t_system_dict` VALUES ('1039488048242442244', '2', '1039488048204693505', 'tenant_type', '企业', NULL, NULL, '2018-09-11 20:46:47', NULL, NULL);
INSERT INTO `t_system_dict` VALUES ('1039488048242442245', '3', '1039488048204693505', 'tenant_type', '大客户', NULL, NULL, '2018-09-11 20:46:47', NULL, NULL);
INSERT INTO `t_system_dict` VALUES ('1039498255924322305', 'tenant_status', NULL, NULL, '租户状态', NULL, NULL, '2018-09-11 20:57:51', NULL, '2018-10-10 22:01:58');
INSERT INTO `t_system_dict` VALUES ('1039498255924322306', '1', '1039498255924322305', 'tenant_status', '未签约', NULL, NULL, '2018-10-10 22:01:59', NULL, NULL);
INSERT INTO `t_system_dict` VALUES ('1039498255924322307', '2', '1039498255924322305', 'tenant_status', '未续约', NULL, NULL, '2018-10-10 22:01:59', NULL, NULL);
INSERT INTO `t_system_dict` VALUES ('1039498255924322308', '3', '1039498255924322305', 'tenant_status', '签约', NULL, NULL, '2018-10-10 22:01:59', NULL, NULL);
INSERT INTO `t_system_dict` VALUES ('1039498255924322309', '4', '1039498255924322305', 'tenant_status', '禁止签约', NULL, NULL, '2018-10-10 22:01:59', NULL, NULL);
INSERT INTO `t_system_dict` VALUES ('1039498255924322310', '5', '1039498255924322305', 'tenant_status', '清退', NULL, NULL, '2018-10-10 22:01:59', NULL, NULL);
INSERT INTO `t_system_dict` VALUES ('1039498255924322311', '6', '1039498255924322305', 'tenant_status', '作废', NULL, NULL, '2018-10-10 22:01:59', NULL, NULL);
INSERT INTO `t_system_dict` VALUES ('1050026224362287106', 'product_type', NULL, NULL, '产品类型', NULL, NULL, '2018-10-10 22:12:14', NULL, '2018-10-10 22:15:36');
INSERT INTO `t_system_dict` VALUES ('1050026224379064322', '1', '1050026224362287106', 'product_type', '系统服务', NULL, NULL, '2018-10-10 22:15:36', NULL, NULL);
INSERT INTO `t_system_dict` VALUES ('1050026224425201666', '2', '1050026224362287106', 'product_type', '企业基础', NULL, NULL, '2018-10-10 22:15:36', NULL, NULL);
INSERT INTO `t_system_dict` VALUES ('1050027325107003393', 'product_status', NULL, NULL, '产品状态', NULL, NULL, '2018-10-10 22:16:37', NULL, NULL);
INSERT INTO `t_system_dict` VALUES ('1050027325132169217', '1', '1050027325107003393', 'product_status', '正常', NULL, NULL, '2018-10-10 22:16:37', NULL, NULL);
INSERT INTO `t_system_dict` VALUES ('1050027325182500866', '2', '1050027325107003393', 'product_status', '临时停用', NULL, NULL, '2018-10-10 22:16:37', NULL, NULL);
INSERT INTO `t_system_dict` VALUES ('1050027325207666690', '3', '1050027325107003393', 'product_status', '注销', NULL, NULL, '2018-10-10 22:16:37', NULL, NULL);
INSERT INTO `t_system_dict` VALUES ('1050643779200262145', 'menu_web_type', NULL, NULL, '菜单显示类型', NULL, NULL, '2018-10-12 15:06:11', NULL, NULL);
INSERT INTO `t_system_dict` VALUES ('1050643779221233666', '1', '1050643779200262145', 'menu_web_type', '后台', NULL, NULL, '2018-10-12 15:06:11', NULL, NULL);
INSERT INTO `t_system_dict` VALUES ('1050643779229622273', '2', '1050643779200262145', 'menu_web_type', '协同软件', NULL, NULL, '2018-10-12 15:06:11', NULL, NULL);
INSERT INTO `t_system_dict` VALUES ('1050643779246399490', '3', '1050643779200262145', 'menu_web_type', '小程序', NULL, NULL, '2018-10-12 15:06:11', NULL, NULL);
INSERT INTO `t_system_dict` VALUES ('1050643779250593794', '4', '1050643779200262145', 'menu_web_type', '公众号', NULL, NULL, '2018-10-12 15:06:11', NULL, NULL);
INSERT INTO `t_system_dict` VALUES ('1050643779258982402', '5', '1050643779200262145', 'menu_web_type', '门户', NULL, NULL, '2018-10-12 15:06:11', NULL, NULL);
INSERT INTO `t_system_dict` VALUES ('1050659138993172482', 'yes_no', NULL, NULL, '是否', NULL, NULL, '2018-10-12 16:07:13', NULL, NULL);
INSERT INTO `t_system_dict` VALUES ('1050659139148361729', '1', '1050659138993172482', 'yes_no', '是', NULL, NULL, '2018-10-12 16:07:13', NULL, NULL);
INSERT INTO `t_system_dict` VALUES ('1050659139416797186', '2', '1050659138993172482', 'yes_no', '否', NULL, NULL, '2018-10-12 16:07:13', NULL, NULL);
INSERT INTO `t_system_dict` VALUES ('1050659589155237889', 'status', NULL, NULL, '状态', NULL, NULL, '2018-10-12 16:09:01', NULL, NULL);
INSERT INTO `t_system_dict` VALUES ('1050659589176209409', '1', '1050659589155237889', 'status', '启用', NULL, NULL, '2018-10-12 16:09:01', NULL, NULL);
INSERT INTO `t_system_dict` VALUES ('1050659589184598017', '2', '1050659589155237889', 'status', '停用', NULL, NULL, '2018-10-12 16:09:01', NULL, NULL);
INSERT INTO `t_system_dict` VALUES ('1050659589201375234', '3', '1050659589155237889', 'status', '注销', NULL, NULL, '2018-10-12 16:09:01', NULL, NULL);
INSERT INTO `t_system_dict` VALUES ('1050659697343115265', 'is_open', NULL, NULL, '是否展开', NULL, NULL, '2018-10-12 16:09:26', NULL, NULL);
INSERT INTO `t_system_dict` VALUES ('1050659697351503874', '1', '1050659697343115265', 'is_open', '展开', NULL, NULL, '2018-10-12 16:09:26', NULL, NULL);
INSERT INTO `t_system_dict` VALUES ('1050659697351503875', '2', '1050659697343115265', 'is_open', '闭合', NULL, NULL, '2018-10-12 16:09:26', NULL, NULL);
INSERT INTO `t_system_dict` VALUES ('1144155056115884033', 'paas_type', NULL, NULL, '平台类型', NULL, NULL, '2019-06-27 03:06:37', NULL, '2019-06-27 03:07:29');
INSERT INTO `t_system_dict` VALUES ('1144155056216547330', '1', '1144155056115884033', 'paas_type', '微信', NULL, NULL, '2019-06-27 03:07:29', NULL, NULL);
INSERT INTO `t_system_dict` VALUES ('1144155056296239106', '2', '1144155056115884033', 'paas_type', '钉钉', NULL, NULL, '2019-06-27 03:07:29', NULL, NULL);
INSERT INTO `t_system_dict` VALUES ('1144155273737347073', '0', '1144155056115884033', 'paas_type', '自营', NULL, NULL, '2019-06-27 03:07:29', NULL, NULL);
INSERT INTO `t_system_dict` VALUES ('1147756918366892033', 'resource_type', NULL, NULL, '资源类型', NULL, NULL, '2019-07-07 01:39:08', NULL, NULL);
INSERT INTO `t_system_dict` VALUES ('1147756918467555329', '1', '1147756918366892033', 'resource_type', '免登陆', NULL, NULL, '2019-07-07 01:39:08', NULL, NULL);
INSERT INTO `t_system_dict` VALUES ('1147756918530469890', '2', '1147756918366892033', 'resource_type', '免授权', NULL, NULL, '2019-07-07 01:39:08', NULL, NULL);
INSERT INTO `t_system_dict` VALUES ('1147756918580801537', '3', '1147756918366892033', 'resource_type', '需授权', NULL, NULL, '2019-07-07 01:39:08', NULL, NULL);

-- ----------------------------
-- Table structure for t_system_link_dept_data_auth
-- ----------------------------
DROP TABLE IF EXISTS `t_system_link_dept_data_auth`;
CREATE TABLE `t_system_link_dept_data_auth`  (
  `ID` varchar(64) CHARACTER SET utf8mb4 COLLATE utf8mb4_general_ci NOT NULL COMMENT '主键',
  `DEPT_ID` varchar(64) CHARACTER SET utf8mb4 COLLATE utf8mb4_general_ci NULL DEFAULT NULL COMMENT '部门ID',
  `DATA_DEPT_ID` varchar(64) CHARACTER SET utf8mb4 COLLATE utf8mb4_general_ci NULL DEFAULT NULL COMMENT '数据部门ID',
  `TYPE` int(1) NULL DEFAULT NULL COMMENT '类型 1 包含下级 2 不包含下级',
  `CRT_USER_ID` varchar(64) CHARACTER SET utf8 COLLATE utf8_general_ci NULL DEFAULT NULL COMMENT '创建人',
  `CRT_TIME` datetime NULL DEFAULT NULL COMMENT '创建时间',
  `MDF_USER_ID` varchar(64) CHARACTER SET utf8 COLLATE utf8_general_ci NULL DEFAULT NULL COMMENT '修改人',
  `MDF_TIME` datetime NULL DEFAULT NULL COMMENT '修改时间',
  PRIMARY KEY (`ID`) USING BTREE,
  INDEX `DEPT_ID`(`DEPT_ID`) USING BTREE
) ENGINE = InnoDB CHARACTER SET = utf8mb4 COLLATE = utf8mb4_general_ci COMMENT = '部门数据权限表关联表' ROW_FORMAT = Compact;

-- ----------------------------
-- Records of t_system_link_dept_data_auth
-- ----------------------------
INSERT INTO `t_system_link_dept_data_auth` VALUES ('1127443221501300737', '1127443221404831745', '1127443221404831745', 1, NULL, '2019-05-12 13:19:45', NULL, NULL);
INSERT INTO `t_system_link_dept_data_auth` VALUES ('1127444079425212417', '1127444079341326337', '1127444079341326337', 1, NULL, '2019-05-12 13:23:10', NULL, NULL);
INSERT INTO `t_system_link_dept_data_auth` VALUES ('1127453973624680449', '1127453973414965250', '1127453973414965250', 1, NULL, '2019-05-12 14:02:29', NULL, NULL);
INSERT INTO `t_system_link_dept_data_auth` VALUES ('1127486025451565058', '1127486025342513154', '1127486025342513154', 1, NULL, '2019-05-12 16:09:50', NULL, NULL);
INSERT INTO `t_system_link_dept_data_auth` VALUES ('1127491203881889793', '1127491203810586626', '1127491203810586626', 1, NULL, '2019-05-12 16:30:25', NULL, NULL);
INSERT INTO `t_system_link_dept_data_auth` VALUES ('1136262566583058434', '1136262566339788801', '1136262566339788801', 1, NULL, '2019-06-05 21:24:41', NULL, NULL);
INSERT INTO `t_system_link_dept_data_auth` VALUES ('1140525835957051394', '1140525835860582401', '1140525835860582401', 1, NULL, '2019-06-17 15:45:23', NULL, NULL);
INSERT INTO `t_system_link_dept_data_auth` VALUES ('1140528228891369473', '1140528228815872002', '1140528228815872002', 1, NULL, '2019-06-17 15:54:54', NULL, NULL);
INSERT INTO `t_system_link_dept_data_auth` VALUES ('1144157667078512642', '1144157666969460738', '1144157666969460738', 1, NULL, '2019-06-27 03:16:59', NULL, NULL);

-- ----------------------------
-- Table structure for t_system_link_menu_resource
-- ----------------------------
DROP TABLE IF EXISTS `t_system_link_menu_resource`;
CREATE TABLE `t_system_link_menu_resource`  (
  `ID` varchar(64) CHARACTER SET utf8mb4 COLLATE utf8mb4_general_ci NOT NULL COMMENT '主键',
  `MENU_ID` varchar(64) CHARACTER SET utf8mb4 COLLATE utf8mb4_general_ci NULL DEFAULT NULL COMMENT '菜单ID',
  `RESOURCE_ID` varchar(64) CHARACTER SET utf8mb4 COLLATE utf8mb4_general_ci NULL DEFAULT NULL COMMENT '资源ID',
  `CRT_USER_ID` varchar(64) CHARACTER SET utf8 COLLATE utf8_general_ci NULL DEFAULT NULL COMMENT '创建人',
  `CRT_TIME` datetime NULL DEFAULT NULL COMMENT '创建时间',
  `MDF_USER_ID` varchar(64) CHARACTER SET utf8 COLLATE utf8_general_ci NULL DEFAULT NULL COMMENT '修改人',
  `MDF_TIME` datetime NULL DEFAULT NULL COMMENT '修改时间',
  PRIMARY KEY (`ID`) USING BTREE
) ENGINE = InnoDB CHARACTER SET = utf8mb4 COLLATE = utf8mb4_general_ci COMMENT = '资源和菜单关联表' ROW_FORMAT = Compact;

-- ----------------------------
-- Records of t_system_link_menu_resource
-- ----------------------------
INSERT INTO `t_system_link_menu_resource` VALUES ('1148144108859039745', '1127953798766022657', '1127953798766022657', NULL, '2019-07-08 03:17:41', NULL, NULL);
INSERT INTO `t_system_link_menu_resource` VALUES ('1148146363930894337', '1133024086411202561', '1133024086411202561', NULL, '2019-07-08 03:26:39', NULL, NULL);
INSERT INTO `t_system_link_menu_resource` VALUES ('1148146648564752386', '1133024774058954754', '1133024774058954754', NULL, '2019-07-08 03:27:47', NULL, NULL);
INSERT INTO `t_system_link_menu_resource` VALUES ('1148146820791263233', '1133026785395494913', '1133026785395494913', NULL, '2019-07-08 03:28:28', NULL, NULL);
INSERT INTO `t_system_link_menu_resource` VALUES ('1148146820799651842', '1133026785395494913', '1127953798766022657', NULL, '2019-07-08 03:28:28', NULL, NULL);
INSERT INTO `t_system_link_menu_resource` VALUES ('1148146935371259906', '1133028001551399940', '1133028001551399940', NULL, '2019-07-08 03:28:55', NULL, NULL);
INSERT INTO `t_system_link_menu_resource` VALUES ('1148147022180769793', '1133028811803924993', '1133028811803924993', NULL, '2019-07-08 03:29:16', NULL, NULL);
INSERT INTO `t_system_link_menu_resource` VALUES ('1148147062144098306', '1133029041073263618', '1133029041073263618', NULL, '2019-07-08 03:29:25', NULL, NULL);
INSERT INTO `t_system_link_menu_resource` VALUES ('1148147093290999810', '1133029681988763649', '1133029681988763649', NULL, '2019-07-08 03:29:33', NULL, NULL);
INSERT INTO `t_system_link_menu_resource` VALUES ('1148147183271403521', '1133038811803924993', '1133038811803924993', NULL, '2019-07-08 03:29:54', NULL, NULL);
INSERT INTO `t_system_link_menu_resource` VALUES ('1148147232936157185', '1133039041073263618', '1133039041073263618', NULL, '2019-07-08 03:30:06', NULL, NULL);
INSERT INTO `t_system_link_menu_resource` VALUES ('1148147326779514882', '1133028003551399938', '1133028003551399938', NULL, '2019-07-08 03:30:28', NULL, NULL);
INSERT INTO `t_system_link_menu_resource` VALUES ('1148147358333263874', '1133028810803924993', '1133028810803924993', NULL, '2019-07-08 03:30:36', NULL, NULL);
INSERT INTO `t_system_link_menu_resource` VALUES ('1148147385445244929', '1133029047073263618', '1133029047073263618', NULL, '2019-07-08 03:30:42', NULL, NULL);
INSERT INTO `t_system_link_menu_resource` VALUES ('1148147410871115778', '1133029689988763649', '1133029689988763649', NULL, '2019-07-08 03:30:48', NULL, NULL);
INSERT INTO `t_system_link_menu_resource` VALUES ('1148147410883698689', '1133029689988763649', '1133028003551399938', NULL, '2019-07-08 03:30:48', NULL, NULL);
INSERT INTO `t_system_link_menu_resource` VALUES ('1148147452327616514', '1133028001551399969', '1133028001551399969', NULL, '2019-07-08 03:30:58', NULL, NULL);
INSERT INTO `t_system_link_menu_resource` VALUES ('1148147570514714625', '1133028811804924993', '1133028811804924993', NULL, '2019-07-08 03:31:27', NULL, NULL);
INSERT INTO `t_system_link_menu_resource` VALUES ('1148147595114307586', '1133029041074263618', '1133029041074263618', NULL, '2019-07-08 03:31:32', NULL, NULL);
INSERT INTO `t_system_link_menu_resource` VALUES ('1148147623190978562', '1133029681988764649', '1133029681988764649', NULL, '2019-07-08 03:31:39', NULL, NULL);
INSERT INTO `t_system_link_menu_resource` VALUES ('1148147623190978563', '1133029681988764649', '1133028001551399969', NULL, '2019-07-08 03:31:39', NULL, NULL);
INSERT INTO `t_system_link_menu_resource` VALUES ('1148147654656647169', '1133028001551399970', '1133028001551399970', NULL, '2019-07-08 03:31:47', NULL, NULL);
INSERT INTO `t_system_link_menu_resource` VALUES ('1148147702257803266', '1133028821804924993', '1133028821804924993', NULL, '2019-07-08 03:31:58', NULL, NULL);
INSERT INTO `t_system_link_menu_resource` VALUES ('1148147734373588993', '1133029021074263618', '1133029021074263618', NULL, '2019-07-08 03:32:06', NULL, NULL);
INSERT INTO `t_system_link_menu_resource` VALUES ('1148147764245422081', '1133029621988764649', '1133029621988764649', NULL, '2019-07-08 03:32:13', NULL, NULL);
INSERT INTO `t_system_link_menu_resource` VALUES ('1148147764253810690', '1133029621988764649', '1133028001551399970', NULL, '2019-07-08 03:32:13', NULL, NULL);
INSERT INTO `t_system_link_menu_resource` VALUES ('1148147821380231170', '1133028001552399970', '1133028001552399970', NULL, '2019-07-08 03:32:26', NULL, NULL);
INSERT INTO `t_system_link_menu_resource` VALUES ('1148147847162617858', '1133028821904924993', '1133028821904924993', NULL, '2019-07-08 03:32:32', NULL, NULL);
INSERT INTO `t_system_link_menu_resource` VALUES ('1148147880800935938', '1133029021974263618', '1133029021974263618', NULL, '2019-07-08 03:32:40', NULL, NULL);
INSERT INTO `t_system_link_menu_resource` VALUES ('1148147915143897089', '1133029621088764649', '1133029621088764649', NULL, '2019-07-08 03:32:49', NULL, NULL);
INSERT INTO `t_system_link_menu_resource` VALUES ('1148147915152285697', '1133029621088764649', '1133028001552399970', NULL, '2019-07-08 03:32:49', NULL, NULL);
INSERT INTO `t_system_link_menu_resource` VALUES ('1148147946752172033', '1133028003551799938', '1133028003551799938', NULL, '2019-07-08 03:32:56', NULL, NULL);
INSERT INTO `t_system_link_menu_resource` VALUES ('1148147982936432642', '1133028810803724993', '1133028810803724993', NULL, '2019-07-08 03:33:05', NULL, NULL);
INSERT INTO `t_system_link_menu_resource` VALUES ('1148148006999154689', '1133029047073763618', '1133029047073763618', NULL, '2019-07-08 03:33:11', NULL, NULL);
INSERT INTO `t_system_link_menu_resource` VALUES ('1148148030218821634', '1133029689978763649', '1133029689978763649', NULL, '2019-07-08 03:33:16', NULL, NULL);
INSERT INTO `t_system_link_menu_resource` VALUES ('1148148030227210242', '1133029689978763649', '1133028003551799938', NULL, '2019-07-08 03:33:16', NULL, NULL);
INSERT INTO `t_system_link_menu_resource` VALUES ('1148863978483572737', '1148863911706058754', '1148856201577062402', NULL, '2019-07-10 02:58:11', NULL, NULL);
INSERT INTO `t_system_link_menu_resource` VALUES ('1148863978496155649', '1148863911706058754', '1148856410734419970', NULL, '2019-07-10 02:58:11', NULL, NULL);
INSERT INTO `t_system_link_menu_resource` VALUES ('1148863978496155650', '1148863911706058754', '1133028003551799938', NULL, '2019-07-10 02:58:11', NULL, NULL);
INSERT INTO `t_system_link_menu_resource` VALUES ('1148864138554990594', '1133039681988763649', '1133039681988763649', NULL, '2019-07-10 02:58:50', NULL, NULL);
INSERT INTO `t_system_link_menu_resource` VALUES ('1148864138563379201', '1133039681988763649', '1148862907640012801', NULL, '2019-07-10 02:58:50', NULL, NULL);
INSERT INTO `t_system_link_menu_resource` VALUES ('1148864138563379202', '1133039681988763649', '1133028001561399931', NULL, '2019-07-10 02:58:50', NULL, NULL);
INSERT INTO `t_system_link_menu_resource` VALUES ('1148865079203160065', '1148854577655836674', '1148853223734505473', NULL, '2019-07-10 03:02:34', NULL, NULL);
INSERT INTO `t_system_link_menu_resource` VALUES ('1148865079203160066', '1148854577655836674', '1133028001552399970', NULL, '2019-07-10 03:02:34', NULL, NULL);
INSERT INTO `t_system_link_menu_resource` VALUES ('1148865079211548674', '1148854577655836674', '1148862715977097218', NULL, '2019-07-10 03:02:34', NULL, NULL);
INSERT INTO `t_system_link_menu_resource` VALUES ('1148889215778512897', '1133028001561399931', '1127953798766022657', NULL, '2019-07-10 04:38:29', NULL, NULL);
INSERT INTO `t_system_link_menu_resource` VALUES ('1148889215782707201', '1133028001561399931', '1133028001561399931', NULL, '2019-07-10 04:38:29', NULL, NULL);

-- ----------------------------
-- Table structure for t_system_link_role_menu
-- ----------------------------
DROP TABLE IF EXISTS `t_system_link_role_menu`;
CREATE TABLE `t_system_link_role_menu`  (
  `ID` varchar(64) CHARACTER SET utf8mb4 COLLATE utf8mb4_general_ci NOT NULL COMMENT '主键',
  `MENU_ID` varchar(64) CHARACTER SET utf8mb4 COLLATE utf8mb4_general_ci NULL DEFAULT NULL COMMENT '菜单ID',
  `ROLE_ID` varchar(64) CHARACTER SET utf8mb4 COLLATE utf8mb4_general_ci NULL DEFAULT NULL COMMENT '角色ID',
  `CRT_USER_ID` varchar(64) CHARACTER SET utf8 COLLATE utf8_general_ci NULL DEFAULT NULL COMMENT '创建人',
  `CRT_TIME` datetime NULL DEFAULT NULL COMMENT '创建时间',
  `MDF_USER_ID` varchar(64) CHARACTER SET utf8 COLLATE utf8_general_ci NULL DEFAULT NULL COMMENT '修改人',
  `MDF_TIME` datetime NULL DEFAULT NULL COMMENT '修改时间',
  PRIMARY KEY (`ID`) USING BTREE
) ENGINE = InnoDB CHARACTER SET = utf8mb4 COLLATE = utf8mb4_general_ci COMMENT = '角色和菜单关联表' ROW_FORMAT = Compact;

-- ----------------------------
-- Records of t_system_link_role_menu
-- ----------------------------
INSERT INTO `t_system_link_role_menu` VALUES ('1147341808288722945', '1127953341855322113', '1146981655929958402', NULL, '2019-07-05 22:09:38', NULL, NULL);
INSERT INTO `t_system_link_role_menu` VALUES ('1147341808297111554', '1127953798766022657', '1146981655929958402', NULL, '2019-07-05 22:09:38', NULL, NULL);
INSERT INTO `t_system_link_role_menu` VALUES ('1147341808297111555', '1133024086411202561', '1146981655929958402', NULL, '2019-07-05 22:09:38', NULL, NULL);
INSERT INTO `t_system_link_role_menu` VALUES ('1147341808309694466', '1133024774058954754', '1146981655929958402', NULL, '2019-07-05 22:09:38', NULL, NULL);
INSERT INTO `t_system_link_role_menu` VALUES ('1147341808309694467', '1133026785395494913', '1146981655929958402', NULL, '2019-07-05 22:09:38', NULL, NULL);
INSERT INTO `t_system_link_role_menu` VALUES ('1147341808318083073', '1133028001551399940', '1146981655929958402', NULL, '2019-07-05 22:09:38', NULL, NULL);
INSERT INTO `t_system_link_role_menu` VALUES ('1147341808318083074', '1133028811803924993', '1146981655929958402', NULL, '2019-07-05 22:09:38', NULL, NULL);
INSERT INTO `t_system_link_role_menu` VALUES ('1147341808318083075', '1133029041073263618', '1146981655929958402', NULL, '2019-07-05 22:09:38', NULL, NULL);
INSERT INTO `t_system_link_role_menu` VALUES ('1147341808318083076', '1133029681988763649', '1146981655929958402', NULL, '2019-07-05 22:09:38', NULL, NULL);
INSERT INTO `t_system_link_role_menu` VALUES ('1147341808318083077', '1133028001551399969', '1146981655929958402', NULL, '2019-07-05 22:09:38', NULL, NULL);
INSERT INTO `t_system_link_role_menu` VALUES ('1147341808318083078', '1133028811804924993', '1146981655929958402', NULL, '2019-07-05 22:09:38', NULL, NULL);
INSERT INTO `t_system_link_role_menu` VALUES ('1147341808318083079', '1133029041074263618', '1146981655929958402', NULL, '2019-07-05 22:09:38', NULL, NULL);
INSERT INTO `t_system_link_role_menu` VALUES ('1147341808326471681', '1133029681988764649', '1146981655929958402', NULL, '2019-07-05 22:09:38', NULL, NULL);
INSERT INTO `t_system_link_role_menu` VALUES ('1147341808326471682', '1133028001551399970', '1146981655929958402', NULL, '2019-07-05 22:09:38', NULL, NULL);
INSERT INTO `t_system_link_role_menu` VALUES ('1147341808326471683', '1133028821804924993', '1146981655929958402', NULL, '2019-07-05 22:09:38', NULL, NULL);
INSERT INTO `t_system_link_role_menu` VALUES ('1147341808326471684', '1133029021074263618', '1146981655929958402', NULL, '2019-07-05 22:09:38', NULL, NULL);
INSERT INTO `t_system_link_role_menu` VALUES ('1147341808334860289', '1133029621988764649', '1146981655929958402', NULL, '2019-07-05 22:09:38', NULL, NULL);
INSERT INTO `t_system_link_role_menu` VALUES ('1147341808334860290', '1133028001552399970', '1146981655929958402', NULL, '2019-07-05 22:09:38', NULL, NULL);
INSERT INTO `t_system_link_role_menu` VALUES ('1147341808334860291', '1133028821904924993', '1146981655929958402', NULL, '2019-07-05 22:09:38', NULL, NULL);
INSERT INTO `t_system_link_role_menu` VALUES ('1147341808334860292', '1133029021974263618', '1146981655929958402', NULL, '2019-07-05 22:09:38', NULL, NULL);
INSERT INTO `t_system_link_role_menu` VALUES ('1147341808334860293', '1133029621088764649', '1146981655929958402', NULL, '2019-07-05 22:09:38', NULL, NULL);
INSERT INTO `t_system_link_role_menu` VALUES ('1147341808334860294', '1133028001561399931', '1146981655929958402', NULL, '2019-07-05 22:09:38', NULL, NULL);
INSERT INTO `t_system_link_role_menu` VALUES ('1147341808343248897', '1133038811803924993', '1146981655929958402', NULL, '2019-07-05 22:09:38', NULL, NULL);
INSERT INTO `t_system_link_role_menu` VALUES ('1147341808343248898', '1133039041073263618', '1146981655929958402', NULL, '2019-07-05 22:09:38', NULL, NULL);
INSERT INTO `t_system_link_role_menu` VALUES ('1147341808343248899', '1133039681988763649', '1146981655929958402', NULL, '2019-07-05 22:09:38', NULL, NULL);
INSERT INTO `t_system_link_role_menu` VALUES ('1147341808343248900', '1133028003551399938', '1146981655929958402', NULL, '2019-07-05 22:09:38', NULL, NULL);
INSERT INTO `t_system_link_role_menu` VALUES ('1147341808343248901', '1133028810803924993', '1146981655929958402', NULL, '2019-07-05 22:09:38', NULL, NULL);
INSERT INTO `t_system_link_role_menu` VALUES ('1147341808343248902', '1133029047073263618', '1146981655929958402', NULL, '2019-07-05 22:09:38', NULL, NULL);
INSERT INTO `t_system_link_role_menu` VALUES ('1147341808343248903', '1133029689988763649', '1146981655929958402', NULL, '2019-07-05 22:09:38', NULL, NULL);
INSERT INTO `t_system_link_role_menu` VALUES ('1147757234994900994', '1127953798766022657', '1127492249819672577', NULL, '2019-07-07 01:40:23', NULL, NULL);
INSERT INTO `t_system_link_role_menu` VALUES ('1147757235011678209', '1133024086411202561', '1127492249819672577', NULL, '2019-07-07 01:40:23', NULL, NULL);
INSERT INTO `t_system_link_role_menu` VALUES ('1147757235020066817', '1133024774058954754', '1127492249819672577', NULL, '2019-07-07 01:40:23', NULL, NULL);
INSERT INTO `t_system_link_role_menu` VALUES ('1147757235020066818', '1133026785395494913', '1127492249819672577', NULL, '2019-07-07 01:40:23', NULL, NULL);
INSERT INTO `t_system_link_role_menu` VALUES ('1147757235020066819', '1133028001551399940', '1127492249819672577', NULL, '2019-07-07 01:40:23', NULL, NULL);
INSERT INTO `t_system_link_role_menu` VALUES ('1147757235020066820', '1133028001551399969', '1127492249819672577', NULL, '2019-07-07 01:40:23', NULL, NULL);
INSERT INTO `t_system_link_role_menu` VALUES ('1147757235028455425', '1133028001551399970', '1127492249819672577', NULL, '2019-07-07 01:40:23', NULL, NULL);
INSERT INTO `t_system_link_role_menu` VALUES ('1147757235028455426', '1133028001552399970', '1127492249819672577', NULL, '2019-07-07 01:40:23', NULL, NULL);
INSERT INTO `t_system_link_role_menu` VALUES ('1147757235028455427', '1133028001561399931', '1127492249819672577', NULL, '2019-07-07 01:40:23', NULL, NULL);
INSERT INTO `t_system_link_role_menu` VALUES ('1147757235028455428', '1133028003551399938', '1127492249819672577', NULL, '2019-07-07 01:40:23', NULL, NULL);
INSERT INTO `t_system_link_role_menu` VALUES ('1147757235028455429', '1133028003551799938', '1127492249819672577', NULL, '2019-07-07 01:40:23', NULL, NULL);
INSERT INTO `t_system_link_role_menu` VALUES ('1147757235028455430', '1127953341855322113', '1127492249819672577', NULL, '2019-07-07 01:40:23', NULL, NULL);
INSERT INTO `t_system_link_role_menu` VALUES ('1148865219695566849', '1127953341855322113', '1147436896041889793', NULL, '2019-07-10 03:03:07', NULL, NULL);
INSERT INTO `t_system_link_role_menu` VALUES ('1148865219703955458', '1127953798766022657', '1147436896041889793', NULL, '2019-07-10 03:03:07', NULL, NULL);
INSERT INTO `t_system_link_role_menu` VALUES ('1148865219703955459', '1133024086411202561', '1147436896041889793', NULL, '2019-07-10 03:03:07', NULL, NULL);
INSERT INTO `t_system_link_role_menu` VALUES ('1148865219712344065', '1133024774058954754', '1147436896041889793', NULL, '2019-07-10 03:03:07', NULL, NULL);
INSERT INTO `t_system_link_role_menu` VALUES ('1148865219712344066', '1133026785395494913', '1147436896041889793', NULL, '2019-07-10 03:03:07', NULL, NULL);
INSERT INTO `t_system_link_role_menu` VALUES ('1148865219712344067', '1133028001551399940', '1147436896041889793', NULL, '2019-07-10 03:03:07', NULL, NULL);
INSERT INTO `t_system_link_role_menu` VALUES ('1148865219712344068', '1133028811803924993', '1147436896041889793', NULL, '2019-07-10 03:03:07', NULL, NULL);
INSERT INTO `t_system_link_role_menu` VALUES ('1148865219712344069', '1133029041073263618', '1147436896041889793', NULL, '2019-07-10 03:03:07', NULL, NULL);
INSERT INTO `t_system_link_role_menu` VALUES ('1148865219720732673', '1133029681988763649', '1147436896041889793', NULL, '2019-07-10 03:03:07', NULL, NULL);
INSERT INTO `t_system_link_role_menu` VALUES ('1148865219720732674', '1133028001551399969', '1147436896041889793', NULL, '2019-07-10 03:03:07', NULL, NULL);
INSERT INTO `t_system_link_role_menu` VALUES ('1148865219720732675', '1133028811804924993', '1147436896041889793', NULL, '2019-07-10 03:03:07', NULL, NULL);
INSERT INTO `t_system_link_role_menu` VALUES ('1148865219720732676', '1133029041074263618', '1147436896041889793', NULL, '2019-07-10 03:03:07', NULL, NULL);
INSERT INTO `t_system_link_role_menu` VALUES ('1148865219720732677', '1133029681988764649', '1147436896041889793', NULL, '2019-07-10 03:03:07', NULL, NULL);
INSERT INTO `t_system_link_role_menu` VALUES ('1148865219720732678', '1133028001551399970', '1147436896041889793', NULL, '2019-07-10 03:03:07', NULL, NULL);
INSERT INTO `t_system_link_role_menu` VALUES ('1148865219720732679', '1133028821804924993', '1147436896041889793', NULL, '2019-07-10 03:03:07', NULL, NULL);
INSERT INTO `t_system_link_role_menu` VALUES ('1148865219720732680', '1133029021074263618', '1147436896041889793', NULL, '2019-07-10 03:03:07', NULL, NULL);
INSERT INTO `t_system_link_role_menu` VALUES ('1148865219720732681', '1133029621988764649', '1147436896041889793', NULL, '2019-07-10 03:03:07', NULL, NULL);
INSERT INTO `t_system_link_role_menu` VALUES ('1148865219720732682', '1133028001552399970', '1147436896041889793', NULL, '2019-07-10 03:03:07', NULL, NULL);
INSERT INTO `t_system_link_role_menu` VALUES ('1148865219720732683', '1133028821904924993', '1147436896041889793', NULL, '2019-07-10 03:03:07', NULL, NULL);
INSERT INTO `t_system_link_role_menu` VALUES ('1148865219720732684', '1133029021974263618', '1147436896041889793', NULL, '2019-07-10 03:03:07', NULL, NULL);
INSERT INTO `t_system_link_role_menu` VALUES ('1148865219720732685', '1133029621088764649', '1147436896041889793', NULL, '2019-07-10 03:03:07', NULL, NULL);
INSERT INTO `t_system_link_role_menu` VALUES ('1148865219720732686', '1148863911706058754', '1147436896041889793', NULL, '2019-07-10 03:03:07', NULL, NULL);
INSERT INTO `t_system_link_role_menu` VALUES ('1148865219729121281', '1133028001561399931', '1147436896041889793', NULL, '2019-07-10 03:03:07', NULL, NULL);
INSERT INTO `t_system_link_role_menu` VALUES ('1148865219729121282', '1133038811803924993', '1147436896041889793', NULL, '2019-07-10 03:03:07', NULL, NULL);
INSERT INTO `t_system_link_role_menu` VALUES ('1148865219729121283', '1133039041073263618', '1147436896041889793', NULL, '2019-07-10 03:03:07', NULL, NULL);
INSERT INTO `t_system_link_role_menu` VALUES ('1148865219729121284', '1133039681988763649', '1147436896041889793', NULL, '2019-07-10 03:03:07', NULL, NULL);
INSERT INTO `t_system_link_role_menu` VALUES ('1148865219729121285', '1148854577655836674', '1147436896041889793', NULL, '2019-07-10 03:03:07', NULL, NULL);
INSERT INTO `t_system_link_role_menu` VALUES ('1148865219729121286', '1133028003551399938', '1147436896041889793', NULL, '2019-07-10 03:03:07', NULL, NULL);
INSERT INTO `t_system_link_role_menu` VALUES ('1148865219729121287', '1133028810803924993', '1147436896041889793', NULL, '2019-07-10 03:03:07', NULL, NULL);
INSERT INTO `t_system_link_role_menu` VALUES ('1148865219729121288', '1133029047073263618', '1147436896041889793', NULL, '2019-07-10 03:03:07', NULL, NULL);
INSERT INTO `t_system_link_role_menu` VALUES ('1148865219729121289', '1133029689988763649', '1147436896041889793', NULL, '2019-07-10 03:03:07', NULL, NULL);
INSERT INTO `t_system_link_role_menu` VALUES ('1148865219729121290', '1133028003551799938', '1147436896041889793', NULL, '2019-07-10 03:03:07', NULL, NULL);
INSERT INTO `t_system_link_role_menu` VALUES ('1148865219729121291', '1133028810803724993', '1147436896041889793', NULL, '2019-07-10 03:03:07', NULL, NULL);
INSERT INTO `t_system_link_role_menu` VALUES ('1148865219729121292', '1133029047073763618', '1147436896041889793', NULL, '2019-07-10 03:03:07', NULL, NULL);
INSERT INTO `t_system_link_role_menu` VALUES ('1148865219729121293', '1133029689978763649', '1147436896041889793', NULL, '2019-07-10 03:03:07', NULL, NULL);
INSERT INTO `t_system_link_role_menu` VALUES ('1148886952519491585', '1133024086411202561', '1148511953884893186', NULL, '2019-07-10 04:29:29', NULL, NULL);

-- ----------------------------
-- Table structure for t_system_link_tenant_product
-- ----------------------------
DROP TABLE IF EXISTS `t_system_link_tenant_product`;
CREATE TABLE `t_system_link_tenant_product`  (
  `ID` varchar(64) CHARACTER SET utf8mb4 COLLATE utf8mb4_general_ci NOT NULL COMMENT '主键',
  `PRO_CODE` varchar(10) CHARACTER SET utf8 COLLATE utf8_general_ci NOT NULL COMMENT '产品代码',
  `TENANT_ID` varchar(64) CHARACTER SET utf8mb4 COLLATE utf8mb4_general_ci NOT NULL COMMENT '机构编号',
  `START_TIME` datetime NULL DEFAULT NULL COMMENT '开始时间',
  `END_TIME` datetime NULL DEFAULT NULL COMMENT '结束时间',
  `STATUS` int(1) NULL DEFAULT NULL COMMENT '状态 1 有效 2 临时停用 3 注销',
  `CRT_USER_ID` varchar(64) CHARACTER SET utf8 COLLATE utf8_general_ci NULL DEFAULT NULL COMMENT '创建人',
  `CRT_TIME` datetime NULL DEFAULT NULL COMMENT '创建时间',
  `MDF_USER_ID` varchar(64) CHARACTER SET utf8 COLLATE utf8_general_ci NULL DEFAULT NULL COMMENT '修改人',
  `MDF_TIME` datetime NULL DEFAULT NULL COMMENT '修改时间',
  PRIMARY KEY (`ID`, `PRO_CODE`) USING BTREE
) ENGINE = InnoDB CHARACTER SET = utf8mb4 COLLATE = utf8mb4_general_ci COMMENT = '租户开通产品信息' ROW_FORMAT = Compact;

-- ----------------------------
-- Records of t_system_link_tenant_product
-- ----------------------------
INSERT INTO `t_system_link_tenant_product` VALUES ('1127453973846978561', '1001', 'TE00000001', '2019-05-12 14:02:29', '2020-05-12 14:02:29', 1, NULL, '2019-05-12 14:02:29', NULL, NULL);
INSERT INTO `t_system_link_tenant_product` VALUES ('1127486025665474562', '1001', 'TE00000002', '2019-05-12 16:09:50', '2020-05-12 16:09:50', 1, NULL, '2019-05-12 16:09:50', NULL, NULL);
INSERT INTO `t_system_link_tenant_product` VALUES ('1140525836099657730', '1001', 'TE00000003', '2019-06-17 15:45:23', '2020-06-17 15:45:23', 1, NULL, '2019-06-17 15:45:23', NULL, NULL);
INSERT INTO `t_system_link_tenant_product` VALUES ('1144157667267256321', '1001', 'TE00000004', '2019-06-27 03:16:59', '2020-06-27 03:16:59', 1, NULL, '2019-06-27 03:16:59', NULL, NULL);

-- ----------------------------
-- Table structure for t_system_link_user_data_auth
-- ----------------------------
DROP TABLE IF EXISTS `t_system_link_user_data_auth`;
CREATE TABLE `t_system_link_user_data_auth`  (
  `ID` varchar(64) CHARACTER SET utf8mb4 COLLATE utf8mb4_general_ci NOT NULL COMMENT '主键',
  `USER_ID` varchar(64) CHARACTER SET utf8mb4 COLLATE utf8mb4_general_ci NULL DEFAULT NULL COMMENT '用户ID',
  `DATA_DATA_ID` varchar(64) CHARACTER SET utf8mb4 COLLATE utf8mb4_general_ci NULL DEFAULT NULL COMMENT '数据部门ID',
  `TYPE` int(1) NULL DEFAULT NULL COMMENT '类型 1 包含下级 2 不包含下级',
  `CRT_USER_ID` varchar(64) CHARACTER SET utf8 COLLATE utf8_general_ci NULL DEFAULT NULL COMMENT '创建人',
  `CRT_TIME` datetime NULL DEFAULT NULL COMMENT '创建时间',
  `MDF_USER_ID` varchar(64) CHARACTER SET utf8 COLLATE utf8_general_ci NULL DEFAULT NULL COMMENT '修改人',
  `MDF_TIME` datetime NULL DEFAULT NULL COMMENT '修改时间',
  INDEX `USER_ID`(`USER_ID`) USING BTREE
) ENGINE = InnoDB CHARACTER SET = utf8mb4 COLLATE = utf8mb4_general_ci COMMENT = '用户数据权限表关联表' ROW_FORMAT = Compact;

-- ----------------------------
-- Table structure for t_system_link_user_role
-- ----------------------------
DROP TABLE IF EXISTS `t_system_link_user_role`;
CREATE TABLE `t_system_link_user_role`  (
  `ID` varchar(64) CHARACTER SET utf8mb4 COLLATE utf8mb4_general_ci NOT NULL COMMENT '主键',
  `USER_ID` varchar(64) CHARACTER SET utf8mb4 COLLATE utf8mb4_general_ci NULL DEFAULT NULL COMMENT '用户ID',
  `ROLE_ID` varchar(64) CHARACTER SET utf8mb4 COLLATE utf8mb4_general_ci NULL DEFAULT NULL COMMENT '角色ID',
  `CRT_USER_ID` varchar(64) CHARACTER SET utf8 COLLATE utf8_general_ci NULL DEFAULT NULL COMMENT '创建人',
  `CRT_TIME` datetime NULL DEFAULT NULL COMMENT '创建时间',
  `MDF_USER_ID` varchar(64) CHARACTER SET utf8 COLLATE utf8_general_ci NULL DEFAULT NULL COMMENT '修改人',
  `MDF_TIME` datetime NULL DEFAULT NULL COMMENT '修改时间',
  PRIMARY KEY (`ID`) USING BTREE
) ENGINE = InnoDB CHARACTER SET = utf8mb4 COLLATE = utf8mb4_general_ci COMMENT = '角色和用户关联表' ROW_FORMAT = Compact;

-- ----------------------------
-- Records of t_system_link_user_role
-- ----------------------------
INSERT INTO `t_system_link_user_role` VALUES ('1145680545414430721', '1140525836019965953', '1127491457364652033', NULL, '2019-07-01 08:08:22', NULL, NULL);
INSERT INTO `t_system_link_user_role` VALUES ('1147076247752814593', '1127486025556422658', '1146981655929958402', NULL, '2019-07-05 04:34:23', NULL, NULL);
INSERT INTO `t_system_link_user_role` VALUES ('1147437069023375362', '1125393558145175553', '1147436896041889793', NULL, '2019-07-06 04:28:10', NULL, NULL);
INSERT INTO `t_system_link_user_role` VALUES ('1148513485984468993', '1144157667170787330', '1148511953884893186', NULL, '2019-07-09 03:45:27', NULL, NULL);

-- ----------------------------
-- Table structure for t_system_login_log
-- ----------------------------
DROP TABLE IF EXISTS `t_system_login_log`;
CREATE TABLE `t_system_login_log`  (
  `ID` varchar(64) CHARACTER SET utf8mb4 COLLATE utf8mb4_general_ci NOT NULL COMMENT '主键',
  `LOGNAME` varchar(100) CHARACTER SET utf8 COLLATE utf8_general_ci NULL DEFAULT NULL COMMENT '日志名称',
  `USER_ID` varchar(64) CHARACTER SET utf8mb4 COLLATE utf8mb4_general_ci NULL DEFAULT NULL COMMENT '管理员ID',
  `SUCCEED` varchar(100) CHARACTER SET utf8 COLLATE utf8_general_ci NULL DEFAULT NULL COMMENT '是否执行成功',
  `MESSAGE` text CHARACTER SET utf8 COLLATE utf8_general_ci NULL COMMENT '具体消息',
  `IP` varchar(100) CHARACTER SET utf8 COLLATE utf8_general_ci NULL DEFAULT NULL COMMENT '登录IP',
  `TENANT_ID` varchar(64) CHARACTER SET utf8mb4 COLLATE utf8mb4_general_ci NULL DEFAULT NULL COMMENT '租户',
  `CREATETIME` datetime NULL DEFAULT NULL COMMENT '创建时间',
  PRIMARY KEY (`ID`) USING BTREE
) ENGINE = InnoDB CHARACTER SET = utf8mb4 COLLATE = utf8mb4_general_ci COMMENT = '登录记录' ROW_FORMAT = Compact;

-- ----------------------------
-- Table structure for t_system_menu
-- ----------------------------
DROP TABLE IF EXISTS `t_system_menu`;
CREATE TABLE `t_system_menu`  (
  `ID` varchar(64) CHARACTER SET utf8mb4 COLLATE utf8mb4_general_ci NOT NULL COMMENT '主键ID',
  `WEB_TYPE` int(2) NULL DEFAULT NULL COMMENT '显示类型 1 PC 后台 2 钉钉||微信 3小程序 4公众号',
  `CODE` varchar(100) CHARACTER SET utf8 COLLATE utf8_general_ci NULL DEFAULT NULL COMMENT '菜单编号',
  `P_ID` varchar(100) CHARACTER SET utf8 COLLATE utf8_general_ci NULL DEFAULT NULL COMMENT '菜单父编号',
  `NAME` varchar(100) CHARACTER SET utf8 COLLATE utf8_general_ci NULL DEFAULT NULL COMMENT '菜单名称',
  `ICON` varchar(100) CHARACTER SET utf8 COLLATE utf8_general_ci NULL DEFAULT NULL COMMENT '菜单图标',
  `URL` varchar(100) CHARACTER SET utf8 COLLATE utf8_general_ci NULL DEFAULT NULL COMMENT 'URL地址',
  `NUM` int(3) NULL DEFAULT NULL COMMENT '菜单排序号',
  `LEVELS` int(3) NULL DEFAULT NULL COMMENT '菜单层级',
  `ISMENU` int(1) NULL DEFAULT NULL COMMENT '是否是菜单（1：是  0：不是）',
  `TIPS` varchar(100) CHARACTER SET utf8 COLLATE utf8_general_ci NULL DEFAULT NULL COMMENT '备注',
  `PRO_CODE` varchar(10) CHARACTER SET utf8 COLLATE utf8_general_ci NULL DEFAULT NULL COMMENT '归属产品',
  `STATUS` int(1) NULL DEFAULT NULL COMMENT '菜单状态 :  1:启用   0:不启用',
  `ISOPEN` int(1) NULL DEFAULT NULL COMMENT '是否打开:    1:打开   0:不打开',
  `CRT_USER_ID` varchar(64) CHARACTER SET utf8 COLLATE utf8_general_ci NULL DEFAULT NULL COMMENT '创建人',
  `CRT_TIME` datetime NULL DEFAULT NULL COMMENT '创建时间',
  `MDF_USER_ID` varchar(64) CHARACTER SET utf8 COLLATE utf8_general_ci NULL DEFAULT NULL COMMENT '修改人',
  `MDF_TIME` datetime NULL DEFAULT NULL COMMENT '修改时间',
  PRIMARY KEY (`ID`) USING BTREE
) ENGINE = InnoDB CHARACTER SET = utf8mb4 COLLATE = utf8mb4_general_ci COMMENT = '菜单表' ROW_FORMAT = Compact;

-- ----------------------------
-- Records of t_system_menu
-- ----------------------------
INSERT INTO `t_system_menu` VALUES ('1127953341855322113', 1, 'system', NULL, '系统管理', 'ios-book', '/system', 999, NULL, 1, NULL, '1001', 1, 2, NULL, '2019-05-13 23:06:47', NULL, NULL);
INSERT INTO `t_system_menu` VALUES ('1127953798766022657', 1, 'tenant', '1127953341855322113', '客户管理', 'ios-bulb', '/tenant/list', 1, NULL, 1, NULL, '1001', 1, 2, NULL, '2019-05-13 23:08:36', NULL, NULL);
INSERT INTO `t_system_menu` VALUES ('1133024086411202561', 1, 'tenant_add', '1127953798766022657', '新增', 'add', '/tenant/create', 1, NULL, 2, NULL, '1001', 1, 2, NULL, '2019-05-27 22:56:07', NULL, NULL);
INSERT INTO `t_system_menu` VALUES ('1133024774058954754', 1, 'tenant_update', '1127953798766022657', '修改', 'ios-create-outline', '/tenant/update', 2, NULL, 2, NULL, '1001', 1, 2, NULL, '2019-05-27 22:58:51', NULL, '2019-05-27 22:59:17');
INSERT INTO `t_system_menu` VALUES ('1133026785395494913', 1, 'tenant_delete', '1127953798766022657', '删除', 'md-trash', '/tenant/delete', 3, NULL, 2, NULL, '1001', 2, 2, NULL, '2019-05-27 23:06:50', NULL, NULL);
INSERT INTO `t_system_menu` VALUES ('1133028001551399940', 1, 'user', '1127953341855322113', '用户管理', 'md-git-network', '/user/tree', 2, NULL, 1, NULL, '1001', 1, 2, NULL, '2019-05-27 23:11:41', NULL, NULL);
INSERT INTO `t_system_menu` VALUES ('1133028001551399969', 1, 'dict', '1127953341855322113', '字典管理', 'md-git-network', '/dict/list', 5, NULL, 1, NULL, '1001', 1, 2, NULL, '2019-05-27 23:11:41', NULL, NULL);
INSERT INTO `t_system_menu` VALUES ('1133028001551399970', 1, 'product', '1127953341855322113', '产品管理', 'md-git-network', '/product/list', 6, NULL, 1, NULL, '1001', 1, 2, NULL, '2019-05-27 23:11:41', NULL, NULL);
INSERT INTO `t_system_menu` VALUES ('1133028001552399970', 1, 'menu', '1127953341855322113', '菜单管理', 'md-git-network', '/menu/tree', 7, NULL, 1, NULL, '1001', 1, 2, NULL, '2019-05-27 23:11:41', NULL, NULL);
INSERT INTO `t_system_menu` VALUES ('1133028001561399931', 1, 'role', '1127953341855322113', '角色管理', 'md-git-network', '/role/list', 3, NULL, 1, NULL, '1001', 1, 2, NULL, '2019-05-27 23:11:41', NULL, NULL);
INSERT INTO `t_system_menu` VALUES ('1133028003551399938', 1, 'dept', '1127953341855322113', '部门管理', 'md-git-network', '/dept/tree', 4, NULL, 1, NULL, '1001', 1, 2, NULL, '2019-05-27 23:11:41', NULL, NULL);
INSERT INTO `t_system_menu` VALUES ('1133028003551799938', 1, 'resource', '1127953341855322113', '资源管理', 'md-git-network', '/resource/tree', 8, NULL, 1, NULL, '1001', 1, 2, NULL, '2019-05-27 23:11:41', NULL, NULL);
INSERT INTO `t_system_menu` VALUES ('1133028810803724993', 1, 'resource_create', '1133028003551799938', '新增', 'md-add', '/resource/create', 1, NULL, 2, NULL, '1001', 1, 1, NULL, '2019-05-27 23:14:53', NULL, '2019-05-27 23:16:21');
INSERT INTO `t_system_menu` VALUES ('1133028810803924993', 1, 'dept_create', '1133028003551399938', '新增', 'md-add', '/dept/create', 1, NULL, 2, NULL, '1001', 1, 1, NULL, '2019-05-27 23:14:53', NULL, '2019-05-27 23:16:21');
INSERT INTO `t_system_menu` VALUES ('1133028811803924993', 1, 'user_create', '1133028001551399940', '新增', 'md-add', '/user/create', 1, NULL, 2, NULL, '1001', 1, 2, NULL, '2019-05-27 23:14:53', NULL, '2019-05-27 23:16:21');
INSERT INTO `t_system_menu` VALUES ('1133028811804924993', 1, 'dict_create', '1133028001551399969', '新增', 'md-add', '/dict/create', 1, NULL, 2, NULL, '1001', 1, 2, NULL, '2019-05-27 23:14:53', NULL, '2019-05-27 23:16:21');
INSERT INTO `t_system_menu` VALUES ('1133028821804924993', 1, 'product_create', '1133028001551399970', '新增', 'md-add', '/product/create', 1, NULL, 2, NULL, '1001', 1, 2, NULL, '2019-05-27 23:14:53', NULL, '2019-05-27 23:16:21');
INSERT INTO `t_system_menu` VALUES ('1133028821904924993', 1, 'menu_create', '1133028001552399970', '新增', 'md-add', '/menu/create', 1, NULL, 2, NULL, '1001', 1, 2, NULL, '2019-05-27 23:14:53', NULL, '2019-05-27 23:16:21');
INSERT INTO `t_system_menu` VALUES ('1133029021074263618', 1, 'product_update', '1133028001551399970', '修改', 'update', '/product/update', 2, NULL, 2, NULL, '1001', 1, 2, NULL, '2019-05-27 23:15:50', NULL, NULL);
INSERT INTO `t_system_menu` VALUES ('1133029021974263618', 1, 'menu_update', '1133028001552399970', '修改', 'update', '/menu/update', 2, NULL, 2, NULL, '1001', 1, 2, NULL, '2019-05-27 23:15:50', NULL, NULL);
INSERT INTO `t_system_menu` VALUES ('1133029041073263618', 1, 'user_update', '1133028001551399940', '修改', 'update', '/user/update', 2, NULL, 2, NULL, '1001', 1, 2, NULL, '2019-05-27 23:15:50', NULL, NULL);
INSERT INTO `t_system_menu` VALUES ('1133029041074263618', 1, 'dict_update', '1133028001551399969', '修改', 'update', '/dict/update', 2, NULL, 2, NULL, '1001', 1, 2, NULL, '2019-05-27 23:15:50', NULL, NULL);
INSERT INTO `t_system_menu` VALUES ('1133029047073263618', 1, 'dept_update', '1133028003551399938', '修改', 'update', '/dept/update', 2, NULL, 1, NULL, '1001', 1, 1, NULL, '2019-05-27 23:15:50', NULL, NULL);
INSERT INTO `t_system_menu` VALUES ('1133029047073763618', 1, 'resource_update', '1133028003551799938', '修改', 'update', '/resource/update', 2, NULL, 1, NULL, '1001', 1, 1, NULL, '2019-05-27 23:15:50', NULL, NULL);
INSERT INTO `t_system_menu` VALUES ('1133029621088764649', 1, 'menu_delete', '1133028001552399970', '删除', 'md-trash', '/menu/delete', 3, NULL, 2, NULL, '1001', 1, 2, NULL, '2019-05-27 23:18:23', NULL, NULL);
INSERT INTO `t_system_menu` VALUES ('1133029621988764649', 1, 'product_delete', '1133028001551399970', '删除', 'md-trash', '/product/delete', 3, NULL, 2, NULL, '1001', 1, 2, NULL, '2019-05-27 23:18:23', NULL, NULL);
INSERT INTO `t_system_menu` VALUES ('1133029681988763649', 1, 'user_delete', '1133028001551399940', '删除', 'md-trash', '/user/delete', 3, NULL, 2, NULL, '1001', 1, 2, NULL, '2019-05-27 23:18:23', NULL, '2019-05-28 20:52:22');
INSERT INTO `t_system_menu` VALUES ('1133029681988764649', 1, 'dict_delete', '1133028001551399969', '删除', 'md-trash', '/dict/delete', 3, NULL, 2, NULL, '1001', 1, 2, NULL, '2019-05-27 23:18:23', NULL, NULL);
INSERT INTO `t_system_menu` VALUES ('1133029689978763649', 1, 'resource_delete', '1133028003551799938', '删除', 'md-trash', '/resource/delete', 3, NULL, 2, NULL, '1001', 1, 2, NULL, '2019-05-27 23:18:23', NULL, '2019-05-28 21:03:02');
INSERT INTO `t_system_menu` VALUES ('1133029689988763649', 1, 'dept_delete', '1133028003551399938', '删除', 'md-trash', '/dept/delete', 3, NULL, 2, NULL, '1001', 1, 2, NULL, '2019-05-27 23:18:23', NULL, '2019-05-28 21:03:02');
INSERT INTO `t_system_menu` VALUES ('1133038811803924993', 1, 'role_create', '1133028001561399931', '新增', 'md-add', '/role/create', 1, NULL, 2, NULL, '1001', 1, 2, NULL, '2019-05-27 23:14:53', NULL, '2019-05-27 23:16:21');
INSERT INTO `t_system_menu` VALUES ('1133039041073263618', 1, 'role_update', '1133028001561399931', '修改', 'update', '/role/update', 2, NULL, 2, NULL, '1001', 1, 2, NULL, '2019-05-27 23:15:50', NULL, NULL);
INSERT INTO `t_system_menu` VALUES ('1133039681988763649', 1, 'role_delete', '1133028001561399931', '删除', 'md-trash', '/role/delete', 3, NULL, 2, NULL, '1001', 1, 2, NULL, '2019-05-27 23:18:23', NULL, NULL);
INSERT INTO `t_system_menu` VALUES ('1148854577655836674', 1, 'role_auth', '1133028001561399931', '授权', 'icon', NULL, 12, NULL, 2, NULL, '1001', 1, 2, NULL, '2019-07-10 02:20:50', NULL, NULL);
INSERT INTO `t_system_menu` VALUES ('1148863911706058754', 1, 'menu_resource', '1133028001552399970', '资源', NULL, NULL, 12, NULL, 2, NULL, '1001', 1, 2, NULL, '2019-07-10 02:57:56', NULL, NULL);

-- ----------------------------
-- Table structure for t_system_operation_log
-- ----------------------------
DROP TABLE IF EXISTS `t_system_operation_log`;
CREATE TABLE `t_system_operation_log`  (
  `ID` varchar(64) CHARACTER SET utf8mb4 COLLATE utf8mb4_general_ci NOT NULL COMMENT '主键',
  `LOGTYPE` varchar(100) CHARACTER SET utf8 COLLATE utf8_general_ci NULL DEFAULT NULL COMMENT '日志类型',
  `LOGNAME` varchar(100) CHARACTER SET utf8 COLLATE utf8_general_ci NULL DEFAULT NULL COMMENT '日志名称',
  `USERID` int(65) NULL DEFAULT NULL COMMENT '用户ID',
  `CLASSNAME` varchar(100) CHARACTER SET utf8 COLLATE utf8_general_ci NULL DEFAULT NULL COMMENT '类名称',
  `METHOD` text CHARACTER SET utf8 COLLATE utf8_general_ci NULL COMMENT '方法名称',
  `CREATETIME` datetime NULL DEFAULT NULL COMMENT '创建时间',
  `SUCCEED` varchar(100) CHARACTER SET utf8 COLLATE utf8_general_ci NULL DEFAULT NULL COMMENT '是否成功',
  `MESSAGE` text CHARACTER SET utf8 COLLATE utf8_general_ci NULL COMMENT '备注',
  `TENANT_ID` varchar(64) CHARACTER SET utf8mb4 COLLATE utf8mb4_general_ci NULL DEFAULT NULL COMMENT '租户',
  PRIMARY KEY (`ID`) USING BTREE
) ENGINE = InnoDB CHARACTER SET = utf8mb4 COLLATE = utf8mb4_general_ci COMMENT = '操作日志' ROW_FORMAT = Compact;

-- ----------------------------
-- Table structure for t_system_product
-- ----------------------------
DROP TABLE IF EXISTS `t_system_product`;
CREATE TABLE `t_system_product`  (
  `PRO_CODE` varchar(10) CHARACTER SET utf8 COLLATE utf8_general_ci NOT NULL COMMENT '产品代码',
  `PRO_TYPE` char(1) CHARACTER SET utf8 COLLATE utf8_general_ci NOT NULL COMMENT '产品类型（系统服务类 1，企业基础服务类 2）',
  `PRO_NAME` varchar(50) CHARACTER SET utf8 COLLATE utf8_general_ci NOT NULL COMMENT '产品名称',
  `STATUS` char(1) CHARACTER SET utf8 COLLATE utf8_general_ci NOT NULL COMMENT '状态：1.正常使用中2.临时停用3.注销',
  `MEMO` varchar(100) CHARACTER SET utf8 COLLATE utf8_general_ci NULL DEFAULT NULL COMMENT '备注',
  `CRT_USER_ID` varchar(64) CHARACTER SET utf8 COLLATE utf8_general_ci NULL DEFAULT NULL COMMENT '创建人',
  `CRT_TIME` datetime NULL DEFAULT NULL COMMENT '创建时间',
  `MDF_USER_ID` varchar(64) CHARACTER SET utf8 COLLATE utf8_general_ci NULL DEFAULT NULL COMMENT '修改人',
  `MDF_TIME` datetime NULL DEFAULT NULL COMMENT '修改时间',
  PRIMARY KEY (`PRO_CODE`) USING BTREE
) ENGINE = InnoDB CHARACTER SET = utf8mb4 COLLATE = utf8mb4_general_ci COMMENT = '产品配置' ROW_FORMAT = Compact;

-- ----------------------------
-- Records of t_system_product
-- ----------------------------
INSERT INTO `t_system_product` VALUES ('1001', '1', '后台管理', '1', '后台管理', NULL, '2019-05-12 13:37:21', NULL, '2019-05-12 13:47:59');
INSERT INTO `t_system_product` VALUES ('2001', '1', '用户小程序', '1', '给员工使用', NULL, '2019-05-12 16:55:40', NULL, '2019-05-20 22:52:42');
INSERT INTO `t_system_product` VALUES ('服务服务', '2', '服务服务', '1', '服务服务', NULL, '2019-07-04 00:56:35', NULL, '2019-07-04 00:57:40');

-- ----------------------------
-- Table structure for t_system_resource
-- ----------------------------
DROP TABLE IF EXISTS `t_system_resource`;
CREATE TABLE `t_system_resource`  (
  `ID` varchar(64) CHARACTER SET utf8mb4 COLLATE utf8mb4_general_ci NOT NULL COMMENT '主键ID',
  `P_ID` varchar(100) CHARACTER SET utf8 COLLATE utf8_general_ci NULL DEFAULT NULL COMMENT '资源父编号',
  `NAME` varchar(100) CHARACTER SET utf8 COLLATE utf8_general_ci NULL DEFAULT NULL COMMENT '资源名称',
  `URL` varchar(100) CHARACTER SET utf8 COLLATE utf8_general_ci NULL DEFAULT NULL COMMENT 'URL地址',
  `NUM` int(3) NULL DEFAULT NULL COMMENT '排序号',
  `TYPE` int(3) NULL DEFAULT NULL COMMENT '类型 3: 需授权, 1 免登陆 2 免授权',
  `SUB_SYSTEM` varchar(20) CHARACTER SET utf8mb4 COLLATE utf8mb4_general_ci NULL DEFAULT NULL COMMENT '子系统',
  `TIPS` varchar(100) CHARACTER SET utf8 COLLATE utf8_general_ci NULL DEFAULT NULL COMMENT '备注',
  `STATUS` int(1) NULL DEFAULT NULL COMMENT '状态 :  1:启用   0:不启用',
  `CRT_USER_ID` varchar(64) CHARACTER SET utf8 COLLATE utf8_general_ci NULL DEFAULT NULL COMMENT '创建人',
  `CRT_TIME` datetime NULL DEFAULT NULL COMMENT '创建时间',
  `MDF_USER_ID` varchar(64) CHARACTER SET utf8 COLLATE utf8_general_ci NULL DEFAULT NULL COMMENT '修改人',
  `MDF_TIME` datetime NULL DEFAULT NULL COMMENT '修改时间',
  PRIMARY KEY (`ID`) USING BTREE
) ENGINE = InnoDB CHARACTER SET = utf8mb4 COLLATE = utf8mb4_general_ci COMMENT = '资源表' ROW_FORMAT = Compact;

-- ----------------------------
-- Records of t_system_resource
-- ----------------------------
INSERT INTO `t_system_resource` VALUES ('1127953798766022657', NULL, '客户管理', '/tenant/list', 1, 3, 'admin', NULL, 1, NULL, NULL, NULL, NULL);
INSERT INTO `t_system_resource` VALUES ('1133024086411202561', '1127953798766022657', '客户新增', '/tenant/create', 1, 3, 'admin', NULL, 1, NULL, NULL, NULL, NULL);
INSERT INTO `t_system_resource` VALUES ('1133024774058954754', '1127953798766022657', '客户修改', '/tenant/update', 2, 3, 'admin', NULL, 1, NULL, NULL, NULL, NULL);
INSERT INTO `t_system_resource` VALUES ('1133026785395494913', '1127953798766022657', '客户删除', '/tenant/delete', 3, 3, 'admin', NULL, 1, NULL, NULL, NULL, NULL);
INSERT INTO `t_system_resource` VALUES ('1133028001551399940', NULL, '用户管理', '/user/list', 2, 3, 'admin', NULL, 1, NULL, NULL, NULL, NULL);
INSERT INTO `t_system_resource` VALUES ('1133028001551399969', NULL, '字典管理', '/dict/list', 5, 3, 'admin', NULL, 1, NULL, NULL, NULL, NULL);
INSERT INTO `t_system_resource` VALUES ('1133028001551399970', NULL, '产品管理', '/product/list', 6, 3, 'admin', NULL, 1, NULL, NULL, NULL, NULL);
INSERT INTO `t_system_resource` VALUES ('1133028001552399970', NULL, '菜单管理', '/menu/treeList', 7, 3, 'admin', NULL, 1, NULL, NULL, NULL, NULL);
INSERT INTO `t_system_resource` VALUES ('1133028001561399931', NULL, '角色管理', '/role/list', 3, 3, 'admin', NULL, 1, NULL, NULL, NULL, NULL);
INSERT INTO `t_system_resource` VALUES ('1133028003551399938', NULL, '部门管理', '/dept/tree', 4, 3, 'admin', NULL, 1, NULL, NULL, NULL, NULL);
INSERT INTO `t_system_resource` VALUES ('1133028003551799938', NULL, '资源管理', '/resource/list', 8, 3, 'admin', NULL, 1, NULL, NULL, NULL, NULL);
INSERT INTO `t_system_resource` VALUES ('1133028810803724993', '1133028003551799938', '资源新增', '/resource/create', 1, 3, 'admin', NULL, 1, NULL, NULL, NULL, NULL);
INSERT INTO `t_system_resource` VALUES ('1133028810803924993', '1133028003551399938', '部门新增', '/dept/create', 1, 3, 'admin', NULL, 1, NULL, NULL, NULL, NULL);
INSERT INTO `t_system_resource` VALUES ('1133028811803924993', '1133028001551399940', '用户新增', '/user/create', 1, 3, 'admin', NULL, 1, NULL, NULL, NULL, NULL);
INSERT INTO `t_system_resource` VALUES ('1133028811804924993', '1133028001551399969', '字典新增', '/dict/create', 1, 3, 'admin', NULL, 1, NULL, NULL, NULL, NULL);
INSERT INTO `t_system_resource` VALUES ('1133028821804924993', '1133028001551399970', '产品新增', '/product/create', 1, 3, 'admin', NULL, 1, NULL, NULL, NULL, NULL);
INSERT INTO `t_system_resource` VALUES ('1133028821904924993', '1133028001552399970', '菜单新增', '/menu/create', 1, 3, 'admin', NULL, 1, NULL, NULL, NULL, NULL);
INSERT INTO `t_system_resource` VALUES ('1133029021074263618', '1133028001551399970', '产品修改', '/product/update', 2, 3, 'admin', NULL, 1, NULL, NULL, NULL, NULL);
INSERT INTO `t_system_resource` VALUES ('1133029021974263618', '1133028001552399970', '菜单修改', '/menu/update', 2, 3, 'admin', NULL, 1, NULL, NULL, NULL, NULL);
INSERT INTO `t_system_resource` VALUES ('1133029041073263618', '1133028001551399940', '用户修改', '/user/update', 2, 3, 'admin', NULL, 1, NULL, NULL, NULL, NULL);
INSERT INTO `t_system_resource` VALUES ('1133029041074263618', '1133028001551399969', '字典修改', '/dict/update', 2, 3, 'admin', NULL, 1, NULL, NULL, NULL, NULL);
INSERT INTO `t_system_resource` VALUES ('1133029047073263618', '1133028003551399938', '部门修改', '/dept/update', 2, 3, 'admin', NULL, 1, NULL, NULL, NULL, NULL);
INSERT INTO `t_system_resource` VALUES ('1133029047073763618', '1133028003551799938', '资源修改', '/resource/update', 2, 3, 'admin', NULL, 1, NULL, NULL, NULL, NULL);
INSERT INTO `t_system_resource` VALUES ('1133029621088764649', '1133028001552399970', '菜单删除', '/menu/delete', 3, 3, 'admin', NULL, 1, NULL, NULL, NULL, NULL);
INSERT INTO `t_system_resource` VALUES ('1133029621988764649', '1133028001551399970', '产品删除', '/product/delete', 3, 3, 'admin', NULL, 1, NULL, NULL, NULL, NULL);
INSERT INTO `t_system_resource` VALUES ('1133029681988763649', '1133028001551399940', '用户删除', '/user/delete', 3, 3, 'admin', NULL, 1, NULL, NULL, NULL, NULL);
INSERT INTO `t_system_resource` VALUES ('1133029681988764649', '1133028001551399969', '字典删除', '/dict/delete', 3, 3, 'admin', NULL, 1, NULL, NULL, NULL, NULL);
INSERT INTO `t_system_resource` VALUES ('1133029689978763649', '1133028003551799938', '资源删除', '/resource/delete', 3, 3, 'admin', NULL, 1, NULL, NULL, NULL, NULL);
INSERT INTO `t_system_resource` VALUES ('1133029689988763649', '1133028003551399938', '部门删除', '/dept/delete', 3, 3, 'admin', NULL, 1, NULL, NULL, NULL, NULL);
INSERT INTO `t_system_resource` VALUES ('1133038811803924993', '1133028001561399931', '角色新增', '/role/create', 1, 3, 'admin', NULL, 1, NULL, NULL, NULL, NULL);
INSERT INTO `t_system_resource` VALUES ('1133039041073263618', '1133028001561399931', '角色修改', '/role/update', 2, 3, 'admin', NULL, 1, NULL, NULL, NULL, NULL);
INSERT INTO `t_system_resource` VALUES ('1133039681988763649', '1133028001561399931', '角色删除', '/role/delete', 3, 3, 'admin', NULL, 1, NULL, NULL, NULL, NULL);
INSERT INTO `t_system_resource` VALUES ('1147866183815483393', '1133028001551399940', '用户信息', '/user/userInfo', 6, 2, 'admin', NULL, 1, '0', '2019-07-07 08:53:18', NULL, '2019-07-07 10:02:16');
INSERT INTO `t_system_resource` VALUES ('1148065740415303681', '1133028001551399940', '登录', '/user/login', 2, 1, 'admin', NULL, 1, NULL, '2019-07-07 22:06:17', NULL, NULL);
INSERT INTO `t_system_resource` VALUES ('1148852532697755650', '1133028001551399969', '查询子字典', '/dict/subByKey', 6, 2, 'admin', NULL, 1, NULL, '2019-07-10 02:12:42', NULL, NULL);
INSERT INTO `t_system_resource` VALUES ('1148852681431969794', '1133028001551399969', '字典值', '/dict/subDetail', 7, 2, 'admin', NULL, 1, NULL, '2019-07-10 02:13:18', NULL, NULL);
INSERT INTO `t_system_resource` VALUES ('1148853223734505473', '1133028001552399970', '菜单树', '/menu/tree', 12, 3, 'admin', NULL, 1, NULL, '2019-07-10 02:15:27', NULL, '2019-07-10 03:02:17');
INSERT INTO `t_system_resource` VALUES ('1148856201577062402', '1133028003551799938', '资源树', '/resource/tree', 4, 3, 'admin', NULL, 1, NULL, '2019-07-10 02:27:17', NULL, NULL);
INSERT INTO `t_system_resource` VALUES ('1148856410734419970', '1133028003551799938', '资源-菜单权限保存', '/resource/saveMenuAuth', 5, 3, 'admin', NULL, 1, NULL, '2019-07-10 02:28:07', NULL, NULL);
INSERT INTO `t_system_resource` VALUES ('1148862715977097218', '1133028001561399931', '角色权限', '/role/saveAuth', 5, 3, 'admin', NULL, 1, NULL, '2019-07-10 02:53:10', NULL, NULL);
INSERT INTO `t_system_resource` VALUES ('1148862907640012801', '1133028001561399931', '角色下的用户', '/role/getUserByRole', 12, 3, 'admin', NULL, 1, NULL, '2019-07-10 02:53:56', NULL, NULL);

-- ----------------------------
-- Table structure for t_system_role
-- ----------------------------
DROP TABLE IF EXISTS `t_system_role`;
CREATE TABLE `t_system_role`  (
  `ID` varchar(64) CHARACTER SET utf8mb4 COLLATE utf8mb4_general_ci NOT NULL COMMENT '主键ID',
  `NUM` int(11) NULL DEFAULT NULL COMMENT '序号',
  `P_ID` varchar(64) CHARACTER SET utf8mb4 COLLATE utf8mb4_general_ci NULL DEFAULT NULL COMMENT '父角色ID',
  `NAME` varchar(100) CHARACTER SET utf8 COLLATE utf8_general_ci NULL DEFAULT NULL COMMENT '角色名称',
  `DEPT_ID` varchar(64) CHARACTER SET utf8mb4 COLLATE utf8mb4_general_ci NULL DEFAULT NULL COMMENT '部门名称',
  `TIPS` varchar(100) CHARACTER SET utf8 COLLATE utf8_general_ci NULL DEFAULT NULL COMMENT '提示',
  `VERSION` int(11) NULL DEFAULT NULL COMMENT '保留字段(暂时没用）',
  `TENANT_ID` varchar(64) CHARACTER SET utf8mb4 COLLATE utf8mb4_general_ci NULL DEFAULT NULL COMMENT '租户',
  `WXID` varchar(50) CHARACTER SET utf8 COLLATE utf8_general_ci NULL DEFAULT NULL COMMENT '微信ID',
  `DDID` varchar(50) CHARACTER SET utf8 COLLATE utf8_general_ci NULL DEFAULT NULL COMMENT '钉钉ID',
  `CRT_USER_ID` varchar(64) CHARACTER SET utf8 COLLATE utf8_general_ci NULL DEFAULT NULL COMMENT '创建人',
  `CRT_TIME` datetime NULL DEFAULT NULL COMMENT '创建时间',
  `MDF_USER_ID` varchar(64) CHARACTER SET utf8 COLLATE utf8_general_ci NULL DEFAULT NULL COMMENT '修改人',
  `MDF_TIME` datetime NULL DEFAULT NULL COMMENT '修改时间',
  PRIMARY KEY (`ID`) USING BTREE
) ENGINE = InnoDB CHARACTER SET = utf8mb4 COLLATE = utf8mb4_general_ci COMMENT = '角色表' ROW_FORMAT = Compact;

-- ----------------------------
-- Records of t_system_role
-- ----------------------------
INSERT INTO `t_system_role` VALUES ('1127492249819672577', NULL, NULL, '运营', NULL, '运营', NULL, 'TE00000001', NULL, NULL, NULL, '2019-05-12 16:34:34', NULL, NULL);
INSERT INTO `t_system_role` VALUES ('1140530516489936897', NULL, NULL, '业务员', NULL, '业务员', NULL, 'TE00000001', '13245654', NULL, NULL, '2019-06-17 16:03:59', NULL, '2019-06-17 16:05:58');
INSERT INTO `t_system_role` VALUES ('1145948212253282305', NULL, '1127492249819672577', '内勤', NULL, '内勤', NULL, 'TE00000001', NULL, NULL, NULL, '2019-07-02 01:51:58', NULL, NULL);
INSERT INTO `t_system_role` VALUES ('1147436896041889793', NULL, '1127492249819672577', '管理员-勿删', NULL, '优秀的管理员', NULL, 'TE00000001', NULL, NULL, NULL, '2019-07-06 04:27:29', NULL, NULL);
INSERT INTO `t_system_role` VALUES ('1148511953884893186', NULL, NULL, '他', NULL, '他', NULL, 'TE00000004', NULL, NULL, NULL, '2019-07-09 03:39:22', NULL, NULL);

-- ----------------------------
-- Table structure for t_system_tenant
-- ----------------------------
DROP TABLE IF EXISTS `t_system_tenant`;
CREATE TABLE `t_system_tenant`  (
  `ID` varchar(36) CHARACTER SET utf8mb4 COLLATE utf8mb4_general_ci NOT NULL COMMENT '主键ID',
  `TENANT_ID` varchar(20) CHARACTER SET utf8 COLLATE utf8_general_ci NOT NULL,
  `USER_ID` varchar(64) CHARACTER SET utf8 COLLATE utf8_general_ci NULL DEFAULT NULL COMMENT '管理员',
  `MER_TYPE` char(1) CHARACTER SET utf8 COLLATE utf8_general_ci NOT NULL COMMENT '客户类型 0: 平台 1:个人  2:企业 3:大客户',
  `NAME` varchar(100) CHARACTER SET utf8 COLLATE utf8_general_ci NOT NULL COMMENT '商户名称',
  `STATUS` char(1) CHARACTER SET utf8 COLLATE utf8_general_ci NOT NULL COMMENT '6种状态  1:未签约 2:未续签 3:签约 4:禁止续签 5:清退 6:作废',
  `CREDIT_CODE` varchar(50) CHARACTER SET utf8 COLLATE utf8_general_ci NULL DEFAULT NULL COMMENT '营业执照',
  `LINKMAN` varchar(50) CHARACTER SET utf8 COLLATE utf8_general_ci NULL DEFAULT NULL COMMENT '联系人',
  `PHONE` varchar(20) CHARACTER SET utf8 COLLATE utf8_general_ci NULL DEFAULT NULL COMMENT '手机',
  `PROVINCE` varchar(10) CHARACTER SET utf8 COLLATE utf8_general_ci NULL DEFAULT NULL COMMENT '省',
  `CITY` varchar(10) CHARACTER SET utf8 COLLATE utf8_general_ci NULL DEFAULT NULL COMMENT '市',
  `AREA` varchar(10) CHARACTER SET utf8 COLLATE utf8_general_ci NULL DEFAULT NULL COMMENT '地区',
  `ADDRESS` varchar(100) CHARACTER SET utf8 COLLATE utf8_general_ci NULL DEFAULT NULL COMMENT '地址',
  `INDUSTRY_BIG` varchar(5) CHARACTER SET utf8 COLLATE utf8_general_ci NULL DEFAULT NULL COMMENT '行业大类',
  `INDUSTRY_SMALL` varchar(5) CHARACTER SET utf8 COLLATE utf8_general_ci NULL DEFAULT NULL COMMENT '行业小类',
  `SMS_SIGN` varchar(10) CHARACTER SET utf8 COLLATE utf8_general_ci NULL DEFAULT NULL COMMENT '短信签名',
  `PAAS` int(2) NOT NULL DEFAULT 0 COMMENT '平台类型',
  `MEMO` varchar(512) CHARACTER SET utf8 COLLATE utf8_general_ci NULL DEFAULT NULL COMMENT '备注信息',
  `CRT_USER_ID` varchar(64) CHARACTER SET utf8 COLLATE utf8_general_ci NULL DEFAULT NULL COMMENT '创建人',
  `CRT_TIME` datetime NULL DEFAULT NULL COMMENT '创建时间',
  `MDF_USER_ID` varchar(64) CHARACTER SET utf8 COLLATE utf8_general_ci NULL DEFAULT NULL COMMENT '修改人',
  `MDF_TIME` datetime NULL DEFAULT NULL COMMENT '修改时间',
  PRIMARY KEY (`ID`) USING BTREE,
  UNIQUE INDEX `TENANT_ID`(`TENANT_ID`) USING BTREE,
  UNIQUE INDEX `PHONE`(`PHONE`) USING BTREE
) ENGINE = InnoDB CHARACTER SET = utf8mb4 COLLATE = utf8mb4_general_ci COMMENT = '租户信息' ROW_FORMAT = Compact;

-- ----------------------------
-- Records of t_system_tenant
-- ----------------------------
INSERT INTO `t_system_tenant` VALUES ('1127453973129752578', 'TE00000001', NULL, '0', '众一科技', '1', '', '振兴', '13112345678', '', '', '', '山东济南众一科技有限公司', '', '', '众一科技', 0, '', NULL, '2019-05-12 14:02:28', NULL, '2019-06-05 21:25:06');
INSERT INTO `t_system_tenant` VALUES ('1127486025174740994', 'TE00000002', NULL, '2', '大鱼车贷', '1', '', '小明', '14412345678', '', '', '', '', '', '', '大鱼车贷', 1, '', NULL, '2019-05-12 16:09:50', NULL, '2019-06-27 03:15:04');
INSERT INTO `t_system_tenant` VALUES ('1144157666680053762', 'TE00000004', NULL, '2', '风铃钉钉', '1', '', '小风', '13112345676', '', '', '', '上海浦东', '', '', '风铃钉钉', 2, '', NULL, '2019-06-27 03:16:59', NULL, '2019-07-10 04:30:24');

-- ----------------------------
-- Table structure for t_system_user
-- ----------------------------
DROP TABLE IF EXISTS `t_system_user`;
CREATE TABLE `t_system_user`  (
  `ID` varchar(36) CHARACTER SET utf8mb4 COLLATE utf8mb4_general_ci NOT NULL COMMENT '主键ID',
  `AVATAR` varchar(100) CHARACTER SET utf8 COLLATE utf8_general_ci NULL DEFAULT NULL COMMENT '头像',
  `ACCOUNT` varchar(45) CHARACTER SET utf8 COLLATE utf8_general_ci NULL DEFAULT NULL COMMENT '账号',
  `PASSWORD` varchar(45) CHARACTER SET utf8 COLLATE utf8_general_ci NULL DEFAULT NULL COMMENT '密码',
  `SALT` varchar(45) CHARACTER SET utf8 COLLATE utf8_general_ci NULL DEFAULT NULL COMMENT 'MD5密码盐',
  `NAME` varchar(45) CHARACTER SET utf8 COLLATE utf8_general_ci NULL DEFAULT NULL COMMENT '名字',
  `BIRTHDAY` datetime NULL DEFAULT NULL COMMENT '生日',
  `SEX` int(11) NULL DEFAULT NULL COMMENT '性别（1：男 2：女）',
  `EMAIL` varchar(45) CHARACTER SET utf8 COLLATE utf8_general_ci NULL DEFAULT NULL COMMENT '电子邮件',
  `PHONE` varchar(45) CHARACTER SET utf8 COLLATE utf8_general_ci NULL DEFAULT NULL COMMENT '电话',
  `DEPT_ID` varchar(64) CHARACTER SET utf8mb4 COLLATE utf8mb4_general_ci NULL DEFAULT NULL COMMENT '部门ID',
  `STATUS` int(11) NULL DEFAULT NULL COMMENT '状态(1：启用  2：冻结  3：删除）',
  `IS_ADMIN` int(1) NOT NULL DEFAULT 2 COMMENT '1是管理员,2不是',
  `DDID` varchar(50) CHARACTER SET utf8 COLLATE utf8_general_ci NULL DEFAULT NULL COMMENT '钉钉ID',
  `WXID` varchar(50) CHARACTER SET utf8 COLLATE utf8_general_ci NULL DEFAULT NULL COMMENT '微信ID',
  `TENANT_ID` varchar(64) CHARACTER SET utf8mb4 COLLATE utf8mb4_general_ci NULL DEFAULT NULL COMMENT '租户',
  `CRT_USER_ID` varchar(64) CHARACTER SET utf8 COLLATE utf8_general_ci NULL DEFAULT NULL COMMENT '创建人',
  `CRT_TIME` datetime NULL DEFAULT NULL COMMENT '创建时间',
  `MDF_USER_ID` varchar(64) CHARACTER SET utf8 COLLATE utf8_general_ci NULL DEFAULT NULL COMMENT '修改人',
  `MDF_TIME` datetime NULL DEFAULT NULL COMMENT '修改时间',
  PRIMARY KEY (`ID`) USING BTREE,
  UNIQUE INDEX `ACCOUNT`(`ACCOUNT`, `TENANT_ID`) USING BTREE COMMENT '账户索引'
) ENGINE = InnoDB CHARACTER SET = utf8mb4 COLLATE = utf8mb4_general_ci COMMENT = '用户' ROW_FORMAT = Compact;

-- ----------------------------
-- Records of t_system_user
-- ----------------------------
INSERT INTO `t_system_user` VALUES ('1125393558145175553', 'https://i.loli.net/2017/08/21/599a521472424.jpg', '15563766882', '43fd393ca4eb0ca9995328db', 'j1iFseSR', '绝月', '2019-05-11 11:00:00', 1, 'quranbo@foxmail.com', '15563766888', '1127491203810586626', 1, 0, NULL, NULL, 'TE00000001', NULL, '2019-05-06 21:35:07', NULL, '2019-07-06 04:28:08');
INSERT INTO `t_system_user` VALUES ('1127453973716955137', NULL, '13112345678', '2c84b506ed2441747fad8e42', '6jAImQ9o', '振兴', NULL, NULL, NULL, '13112345678', '1127453973414965250', 1, 1, NULL, NULL, 'TE00000001', NULL, '2019-05-12 14:02:29', NULL, '2019-06-05 21:24:09');
INSERT INTO `t_system_user` VALUES ('1127486025556422658', NULL, '14412345678', 'f53994ce95805b6afad0603c', 'LSyUyY1d', '小明', NULL, NULL, '35712869@qq.com', '14412345678', '1127486025342513154', 1, 1, NULL, NULL, '', NULL, '2019-05-12 16:09:50', NULL, '2019-07-05 04:34:23');
INSERT INTO `t_system_user` VALUES ('1140525836019965953', NULL, '15263727510', 'd33e15028d63657d8680ee96', '3vuTV6h5', '王双星', NULL, 1, '357128@qq,com', '15263727546', '1127453973414965250', 1, 1, NULL, NULL, '', NULL, '2019-06-17 15:45:23', NULL, '2019-07-01 08:08:21');
INSERT INTO `t_system_user` VALUES ('1144157667170787330', NULL, '13112345676', '98eb14690604af63bee38c2b', 'FXXiFTwH', '小风', NULL, 1, NULL, '13112345676', '1144157666969460738', 1, 1, NULL, NULL, '', NULL, '2019-06-27 03:16:59', NULL, '2019-07-09 03:45:27');

SET FOREIGN_KEY_CHECKS = 1;
